package_id,application_names,local_version_name,local_version_code,local_architectures,play_status,play_version,play_updated,play_developer,play_url,play_availability,apkpure_status,apkpure_version_name,apkpure_version_code,apkpure_release_date,apkpure_architectures,apkpure_url,latest_version_name,latest_version_code,latest_release_date,latest_architectures,latest_source,cross_check,classification,blocker,lookup_date
air.no.jensen.adjustablesleep,Adjustable,17.01.052,17001052,armeabi-v7a,available,2.0.29,2024-08-12,Jensen Beds,https://play.google.com/store/apps/details?id=air.no.jensen.adjustablesleep&hl=en&gl=us,{},available,17.01.052,17001052,2024-08-12,armeabi-v7a,https://apkpure.com/adjustable-sleep/air.no.jensen.adjustablesleep,2.0.29,,2024-08-12,,Google Play (APKPure mismatch),version_mismatch,unverifiable,Google Play reports 2.0.29; APKPure reports 17.01.052,2026-07-14
cn.com.mancini,Ergomotion Sync,1.0.2,4,,available,1.0.5,2025-12-20,Ergomotion,https://play.google.com/store/apps/details?id=cn.com.mancini&hl=en&gl=us,{},available,1.0.2,4,2024-09-06,universal,https://apkpure.com/ergomotion-sync/cn.com.mancini,1.0.5,,2025-12-20,,Google Play (APKPure mismatch),version_mismatch,unverifiable,Google Play reports 1.0.5; APKPure reports 1.0.2,2026-07-14
cn.com.somos,Somos,1.0.0,1,,available,1.0.0,2025-02-27,Ergomotion,https://play.google.com/store/apps/details?id=cn.com.somos&hl=en&gl=us,{},available,1.0.0,1,2025-03-05,universal,https://apkpure.com/somosbeds/cn.com.somos,1.0.0,1,2025-03-05,universal,APKPure,matched,current,,2026-07-14
com.BF,La Cloud,1.2.3,11,,available,1.2.3,2020-04-06,DewertOkin Technology,https://play.google.com/store/apps/details?id=com.BF&hl=en&gl=us,{},available,1.2.3,11,2022-02-03,universal,https://apkpure.com/la-cloud-%EB%9D%BC%ED%81%B4%EB%9D%BC%EC%9A%B0%EB%93%9C-%EC%A0%84%EB%8F%99%EC%B9%A8%EB%8C%80/com.BF,1.2.3,11,2022-02-03,universal,APKPure,matched,current,,2026-07-14
com.HHC.MotoSleep,MotoSleep,5.0.6,2026010401,arm64-v8a,available,5.1.5,2026-07-10,MotoMotion China Corporation,https://play.google.com/store/apps/details?id=com.HHC.MotoSleep&hl=en&gl=us,{},available,5.1.3,2026060802,2026-06-17,arm64-v8a; armeabi-v7a,https://apkpure.com/motosleep/com.HHC.MotoSleep,5.1.5,,2026-07-10,,Google Play (APKPure mismatch),version_mismatch,unverifiable,Google Play reports 5.1.5; APKPure reports 5.1.3,2026-07-14
com.HHC.PowerBob,Power Bob,2.0.3,2025061101,arm64-v8a; armeabi-v7a; x86_64,available,2.0.3,2025-06-11,MotoMotion China Corporation,https://play.google.com/store/apps/details?id=com.HHC.PowerBob&hl=en&gl=us,{},available,2.0.3,2025061101,2025-09-30,arm64-v8a; armeabi-v7a; x86_64,https://apkpure.com/power-bob-for-adjustable-bed/com.HHC.PowerBob,2.0.3,2025061101,2025-09-30,arm64-v8a; armeabi-v7a; x86_64,APKPure,matched,current,,2026-07-14
com.bedding.monitor.sleep_monitor.release,OKIN SMART SLEEP,2.4.9,263,arm64-v8a,available,2.4.9,2025-08-07,DewertOkin Technology,https://play.google.com/store/apps/details?id=com.bedding.monitor.sleep_monitor.release&hl=en&gl=us,{},available,2.4.9,263,2025-11-15,arm64-v8a; armeabi-v7a,https://apkpure.com/okin-smart-sleep/com.bedding.monitor.sleep_monitor.release,2.4.9,263,2025-11-15,arm64-v8a; armeabi-v7a,APKPure,matched,current,,2026-07-14
com.bedjet,BedJet,1.0.6,18,,available,1.0.6,2025-01-01,BEDJET LLC,https://play.google.com/store/apps/details?id=com.bedjet&hl=en&gl=us,{},available,1.0.6,18,2025-01-09,universal,https://apkpure.com/bedjet-3-smart-remote/com.bedjet,1.0.6,18,2025-01-09,universal,APKPure,matched,current,,2026-07-14
com.bedtech,BedTech,7.1.3,14,arm64-v8a,available,7.1.3,2025-04-23,Bed Tech,https://play.google.com/store/apps/details?id=com.bedtech&hl=en&gl=us,{},available,7.1.3,14,2025-05-28,arm64-v8a,https://apkpure.com/bedtech/com.bedtech,7.1.3,14,2025-05-28,arm64-v8a,APKPure,matched,current,,2026-07-14
com.cheers.brick,The Brick,v1.0,3,,available,v1.0,2025-05-30,"Remacro Technology Co., Ltd.",https://play.google.com/store/apps/details?id=com.cheers.brick&hl=en&gl=us,{},removed,,,,,,v1.0,,2025-05-30,,Google Play,google_play_only,current,APKPure has no current listing,2026-07-14
com.cheers.jewmes,Jeromes,v1.202112141512,20,,available,v1.202112141512,2025-02-10,"Remacro Technology Co., Ltd.",https://play.google.com/store/apps/details?id=com.cheers.jewmes&hl=en&gl=us,{},available,v1.202112141512,20,2025-03-15,universal,https://apkpure.com/jeromes/com.cheers.jewmes,v1.202112141512,20,2025-03-15,universal,APKPure,matched,current,,2026-07-14
com.cheers.slumber,slumberland,v1.0,2,,available,v1.0,2025-05-30,"Remacro Technology Co., Ltd.",https://play.google.com/store/apps/details?id=com.cheers.slumber&hl=en&gl=us,{},available,v1.0,2,2025-07-13,universal,https://apkpure.com/slumberland/com.cheers.slumber,v1.0,2,2025-07-13,universal,APKPure,matched,current,,2026-07-14
com.desarketing.gmmotor,GM Bed Control; GM Control,4.6.0,46001,arm64-v8a; armeabi-v7a; x86; x86_64,available,4.6.6,2026-06-16,Germany SA,https://play.google.com/store/apps/details?id=com.desarketing.gmmotor&hl=en&gl=us,{},available,4.6.6,46600,,arm64-v8a; armeabi-v7a,https://apkpure.com/germany-motions-gm-bed-control/com.desarketing.gmmotor,4.6.6,46600,,arm64-v8a; armeabi-v7a,APKPure,matched,outdated,,2026-07-14
com.dewertokin.okinsmartcomfort,FurniMove,2.0.1,18,,not_found,,,,,"{""au"": ""not_found"", ""ca"": ""not_found"", ""de"": ""not_found"", ""gb"": ""not_found"", ""jp"": ""not_found"", ""no"": ""not_found"", ""us"": ""not_found""}",available,2.0.1,18,2022-09-19,universal,https://apkpure.com/furnimove/com.dewertokin.okinsmartcomfort,2.0.1,18,2022-09-19,universal,APKPure,apkpure_only,current,,2026-07-14
com.hettich.hettich,AxisDrive Bed Control,3.3.6,8,arm64-v8a; armeabi-v7a; x86; x86_64,not_found,,,,,"{""au"": ""not_found"", ""ca"": ""not_found"", ""de"": ""not_found"", ""gb"": ""not_found"", ""jp"": ""not_found"", ""no"": ""not_found"", ""us"": ""not_found""}",available,3.3.6,8,2021-03-01,arm64-v8a; armeabi-v7a; x86; x86_64,https://apkpure.com/axis-drive-bed-control/com.hettich.hettich,3.3.6,8,2021-03-01,arm64-v8a; armeabi-v7a; x86; x86_64,APKPure,apkpure_only,current,,2026-07-14
com.intretech.app.suta,SUTA,1.0.3,3,armeabi,not_found,,,,,"{""au"": ""not_found"", ""ca"": ""not_found"", ""de"": ""not_found"", ""gb"": ""not_found"", ""jp"": ""not_found"", ""no"": ""not_found"", ""us"": ""not_found""}",available,1.0.3,3,2020-01-25,armeabi,https://apkpure.com/suta/com.intretech.app.suta,1.0.3,3,2020-01-25,armeabi,APKPure,apkpure_only,current,,2026-07-14
com.jiecang.app.android.jiecangbed,Comfort Motion,2.1.6,23,arm64-v8a,available,2.1.8,2026-04-13,"Zhejiang Jiecang Linear Motion Technology Co.,Ltd",https://play.google.com/store/apps/details?id=com.jiecang.app.android.jiecangbed&hl=en&gl=us,{},available,2.1.8,25,2026-06-19,arm64-v8a,https://apkpure.com/comfort-motion/com.jiecang.app.android.jiecangbed,2.1.8,25,2026-06-19,arm64-v8a,APKPure,matched,outdated,,2026-07-14
com.kaidi_test4,Isleep,1.6.3,45,arm64-v8a,available,1.6.3,2025-12-23,Kaidi LLC,https://play.google.com/store/apps/details?id=com.kaidi_test4&hl=en&gl=us,{},available,1.6.3,45,2025-12-30,arm64-v8a; armeabi-v7a,https://apkpure.com/isleep/com.kaidi_test4,1.6.3,45,2025-12-30,arm64-v8a; armeabi-v7a,APKPure,matched,current,,2026-07-14
com.kaidi_test4.floyd,Floyd Home,1.0.7,7,arm64-v8a,available,1.0.7,2025-08-12,Rize Home,https://play.google.com/store/apps/details?id=com.kaidi_test4.floyd&hl=en&gl=us,{},removed,,,,,,1.0.7,,2025-08-12,,Google Play,google_play_only,current,APKPure has no current listing,2026-07-14
com.kaidi_test4.rize,Rize Beds,1.3.0,48,arm64-v8a; armeabi-v7a; x86; x86_64,available,1.4.2,2025-11-25,Rize Home,https://play.google.com/store/apps/details?id=com.kaidi_test4.rize&hl=en&gl=us,{},available,1.4.2,57,2026-05-01,arm64-v8a; armeabi-v7a,https://apkpure.com/rize-beds/com.kaidi_test4.rize,1.4.2,57,2026-05-01,arm64-v8a; armeabi-v7a,APKPure,matched,outdated,,2026-07-14
com.keeson.adjustablelite,Adjustable Lite,1.0.1,4,arm64-v8a,available,1.0.2,2026-03-16,South Bay International,https://play.google.com/store/apps/details?id=com.keeson.adjustablelite&hl=en&gl=us,{},available,1.0.1,4,2025-09-09,arm64-v8a,https://apkpure.com/adjustable-lite/com.keeson.adjustablelite,1.0.2,,2026-03-16,,Google Play (APKPure mismatch),version_mismatch,unverifiable,Google Play reports 1.0.2; APKPure reports 1.0.1,2026-07-14
com.keeson.agingplace,Dawn House,1.0.9,82,arm64-v8a; armeabi; armeabi-v7a; x86; x86_64,available,1.1.0,2026-03-09,Ergomotion,https://play.google.com/store/apps/details?id=com.keeson.agingplace&hl=en&gl=us,{},available,1.0.9,82,2025-10-18,arm64-v8a; armeabi; armeabi-v7a; x86; x86_64,https://apkpure.com/dawn-house/com.keeson.agingplace,1.1.0,,2026-03-09,,Google Play (APKPure mismatch),version_mismatch,unverifiable,Google Play reports 1.1.0; APKPure reports 1.0.9,2026-07-14
com.keeson.beautyrestblack,Beautyrest BLACK,1.2.1,18,arm64-v8a; armeabi-v7a; x86; x86_64,available,1.2.1,2025-03-01,Ergomotion,https://play.google.com/store/apps/details?id=com.keeson.beautyrestblack&hl=en&gl=us,{},available,1.2.1,18,2025-03-22,arm64-v8a; armeabi-v7a; x86; x86_64,https://apkpure.com/beautyrest-black/com.keeson.beautyrestblack,1.2.1,18,2025-03-22,arm64-v8a; armeabi-v7a; x86; x86_64,APKPure,matched,current,,2026-07-14
com.keeson.connectedbed,Linx,1.0.7,27,arm64-v8a; armeabi; armeabi-v7a; x86; x86_64,available,1.0.7,2023-05-16,Ergomotion,https://play.google.com/store/apps/details?id=com.keeson.connectedbed&hl=en&gl=us,{},available,1.0.7,27,2024-01-03,arm64-v8a; armeabi; armeabi-v7a; x86; x86_64,https://apkpure.com/connected-bed/com.keeson.connectedbed,1.0.7,27,2024-01-03,arm64-v8a; armeabi; armeabi-v7a; x86; x86_64,APKPure,matched,current,,2026-07-14
com.keeson.coolbase,Cool Base,1.0.0,3,,available,1.0.0,2024-07-12,South Bay International,https://play.google.com/store/apps/details?id=com.keeson.coolbase&hl=en&gl=us,{},available,1.0.0,3,2025-08-18,universal,https://apkpure.com/cool-base/com.keeson.coolbase,1.0.0,3,2025-08-18,universal,APKPure,matched,current,,2026-07-14
com.keeson.ergohealth,Ergo Wellness,1.0.0,2,arm64-v8a,available,1.0.0,2026-03-11,Ergomotion,https://play.google.com/store/apps/details?id=com.keeson.ergohealth&hl=en&gl=us,{},available,1.0.0,2,2026-03-18,arm64-v8a,https://apkpure.com/ergo-wellness/com.keeson.ergohealth,1.0.0,2,2026-03-18,arm64-v8a,APKPure,matched,current,,2026-07-14
com.keeson.junasleep,Juna Sleep,1.0.1,18,arm64-v8a,available,1.0.3,2023-10-26,Ergomotion,https://play.google.com/store/apps/details?id=com.keeson.junasleep&hl=en&gl=us,{},available,1.0.1,18,2023-10-26,arm64-v8a,https://apkpure.com/juna-sleep/com.keeson.junasleep,1.0.3,,2023-10-26,,Google Play (APKPure mismatch),version_mismatch,unverifiable,Google Play reports 1.0.3; APKPure reports 1.0.1,2026-07-14
com.keeson.purpleBase,Smart Base,1.0.8,23,arm64-v8a,available,1.0.8,2025-11-28,"Purple Innovation, Inc.",https://play.google.com/store/apps/details?id=com.keeson.purpleBase&hl=en&gl=us,{},available,1.0.8,23,2026-02-27,arm64-v8a,https://apkpure.com/purple-smart-base/com.keeson.purpleBase,1.0.8,23,2026-02-27,arm64-v8a,APKPure,matched,current,,2026-07-14
com.keeson.restonicBT,RestonicBT,1.2.0,3,arm64-v8a; armeabi-v7a; x86; x86_64,available,1.2.0,2023-08-24,Ergomotion,https://play.google.com/store/apps/details?id=com.keeson.restonicBT&hl=en&gl=us,{},available,1.2.0,3,2023-09-29,arm64-v8a; armeabi-v7a; x86; x86_64,https://apkpure.com/restonic-bt-remote/com.keeson.restonicBT,1.2.0,3,2023-09-29,arm64-v8a; armeabi-v7a; x86; x86_64,APKPure,matched,current,,2026-07-14
com.keeson.scottlivingrelease,Scott Living,1.0.1,24,arm64-v8a; armeabi; armeabi-v7a; x86; x86_64,available,1.0.2,2026-03-17,South Bay International,https://play.google.com/store/apps/details?id=com.keeson.scottlivingrelease&hl=en&gl=us,{},available,1.0.1,24,2023-03-23,arm64-v8a; armeabi; armeabi-v7a; x86; x86_64,https://apkpure.com/scott-living/com.keeson.scottlivingrelease,1.0.2,,2026-03-17,,Google Play (APKPure mismatch),version_mismatch,unverifiable,Google Play reports 1.0.2; APKPure reports 1.0.1,2026-07-14
com.keeson.ssbaudio,Sleep Harmony,1.0.0,10,arm64-v8a,available,1.0.1,2025-11-22,Ergomotion,https://play.google.com/store/apps/details?id=com.keeson.ssbaudio&hl=en&gl=us,{},available,1.0.0,10,2025-09-20,arm64-v8a,https://apkpure.com/sleep-harmony/com.keeson.ssbaudio,1.0.1,,2025-11-22,,Google Play (APKPure mismatch),version_mismatch,unverifiable,Google Play reports 1.0.1; APKPure reports 1.0.0,2026-07-14
com.leggett.android.universal,LP Control,2.9.0,46164,arm64-v8a,available,2.9.0,2026-05-27,Leggett & Platt,https://play.google.com/store/apps/details?id=com.leggett.android.universal&hl=en&gl=us,{},available,2.9.0,46164,2026-06-02,arm64-v8a,https://apkpure.com/lp-adjustable-bed-control/com.leggett.android.universal,2.9.0,46164,2026-06-02,arm64-v8a,APKPure,matched,current,,2026-07-14
com.leggett.patterns,LP Comfort,1.16.0,2906,arm64-v8a,not_found,,,,,"{""au"": ""not_found"", ""ca"": ""not_found"", ""de"": ""not_found"", ""gb"": ""not_found"", ""jp"": ""not_found"", ""no"": ""not_found"", ""us"": ""not_found""}",available,1.16.0,2906,2022-09-18,arm64-v8a,https://apkpure.com/lp-comfort-connect/com.leggett.patterns,1.16.0,2906,2022-09-18,arm64-v8a,APKPure,apkpure_only,current,,2026-07-14
com.leggett.prodigy2,Prodigy 2,2.2.0,44,,not_found,,,,,"{""au"": ""not_found"", ""ca"": ""not_found"", ""de"": ""not_found"", ""gb"": ""not_found"", ""jp"": ""not_found"", ""no"": ""not_found"", ""us"": ""not_found""}",available,2.2.0,44,2021-10-15,universal,https://apkpure.com/leggett-platt-prodigy-2/com.leggett.prodigy2,2.2.0,44,2021-10-15,universal,APKPure,apkpure_only,current,,2026-07-14
com.leggett.prodigy2L,Prodigy 2L,1.2,15,,not_found,,,,,"{""au"": ""not_found"", ""ca"": ""not_found"", ""de"": ""not_found"", ""gb"": ""not_found"", ""jp"": ""not_found"", ""no"": ""not_found"", ""us"": ""not_found""}",available,1.2,15,2021-03-13,universal,https://apkpure.com/leggett-platt-prodigy-2-l/com.leggett.prodigy2L,1.2,15,2021-03-13,universal,APKPure,apkpure_only,current,,2026-07-14
com.leggett.prodigy4,Prodigy CE,1.2.0,18,,not_found,,,,,"{""au"": ""not_found"", ""ca"": ""not_found"", ""de"": ""not_found"", ""gb"": ""not_found"", ""jp"": ""not_found"", ""no"": ""not_found"", ""us"": ""not_found""}",available,1.2.0,18,2021-03-07,universal,https://apkpure.com/leggett-platt-prodigy-comfor/com.leggett.prodigy4,1.2.0,18,2021-03-07,universal,APKPure,apkpure_only,current,,2026-07-14
com.leggett.useries,Ultra Series,2.1,16,arm64-v8a; armeabi; armeabi-v7a; mips; x86,not_found,,,,,"{""au"": ""not_found"", ""ca"": ""not_found"", ""de"": ""not_found"", ""gb"": ""not_found"", ""jp"": ""not_found"", ""no"": ""not_found"", ""us"": ""not_found""}",available,2.1,16,2019-01-19,arm64-v8a; armeabi; armeabi-v7a; mips; x86,https://apkpure.com/leggett-platt-ultra-series/com.leggett.useries,2.1,16,2019-01-19,arm64-v8a; armeabi; armeabi-v7a; mips; x86,APKPure,apkpure_only,current,,2026-07-14
com.leggettplatt.lp_pseries,Premier Series,1.30,30,arm64-v8a; armeabi; armeabi-v7a; mips; x86; x86_64,available,1.30,2017-10-13,Leggett & Platt,https://play.google.com/store/apps/details?id=com.leggettplatt.lp_pseries&hl=en&gl=us,{},available,1.30,30,2017-12-31,arm64-v8a; armeabi; armeabi-v7a; mips; x86; x86_64,https://apkpure.com/leggett-platt-premier-series/com.leggettplatt.lp_pseries,1.30,30,2017-12-31,arm64-v8a; armeabi; armeabi-v7a; mips; x86; x86_64,APKPure,matched,current,,2026-07-14
com.limoss.limossremote,limoss Remote,7.1.8,44,arm64-v8a,available,7.1.8,2025-04-08,limoss GmbH & Co. KG,https://play.google.com/store/apps/details?id=com.limoss.limossremote&hl=en&gl=us,{},available,7.1.8,44,2025-05-15,arm64-v8a,https://apkpure.com/limossremote/com.limoss.limossremote,7.1.8,44,2025-05-15,arm64-v8a,APKPure,matched,current,,2026-07-14
com.limoss.stawett,stawett Remote,1.3,10,arm64-v8a; armeabi; armeabi-v7a,not_found,,,,,"{""au"": ""not_found"", ""ca"": ""not_found"", ""de"": ""not_found"", ""gb"": ""not_found"", ""jp"": ""not_found"", ""no"": ""not_found"", ""us"": ""not_found""}",available,1.3,10,2019-02-08,arm64-v8a; armeabi; armeabi-v7a,https://apkpure.com/stawett-remote/com.limoss.stawett,1.3,10,2019-02-08,arm64-v8a; armeabi; armeabi-v7a,APKPure,apkpure_only,current,,2026-07-14
com.linak.leggettandplatt,Performance Series,1.0,124,armeabi; armeabi-v7a; x86,not_found,,,,,"{""au"": ""not_found"", ""ca"": ""not_found"", ""de"": ""not_found"", ""gb"": ""not_found"", ""jp"": ""not_found"", ""no"": ""not_found"", ""us"": ""not_found""}",available,1.0,124,2022-08-24,armeabi; armeabi-v7a; x86,https://apkpure.com/leggett-platt-s-cape/com.linak.leggettandplatt,1.0,124,2022-08-24,armeabi; armeabi-v7a; x86,APKPure,apkpure_only,current,,2026-07-14
com.linak.linakbed.ble.memory,Bed Control,6.0.5,259,armeabi-v7a,available,,2026-07-14,LINAK,https://play.google.com/store/apps/details?id=com.linak.linakbed.ble.memory&hl=en&gl=us,{},available,6.0.9,264,2026-07-07,arm64-v8a,https://apkpure.com/bed-control/com.linak.linakbed.ble.memory,6.0.9,264,2026-07-07,arm64-v8a,APKPure,apkpure_only,outdated,,2026-07-14
com.logicdata.app.android.bed,LOGICDATA MOTIONrelax,1.0.3,4,arm64-v8a,available,1.0.6,2025-08-01,LOGICDATA Electronic & Software Entwicklungs GmbH,https://play.google.com/store/apps/details?id=com.logicdata.app.android.bed&hl=en&gl=us,{},available,1.0.3,4,2025-01-26,arm64-v8a; armeabi-v7a,https://apkpure.com/logicdata-motionrelax/com.logicdata.app.android.bed,1.0.6,,2025-08-01,,Google Play (APKPure mismatch),version_mismatch,unverifiable,Google Play reports 1.0.6; APKPure reports 1.0.3,2026-07-14
com.lucid.bedbase,Lucid Base,1.3.3,16,arm64-v8a,available,1.3.3,2025-09-02,CVB Inc.,https://play.google.com/store/apps/details?id=com.lucid.bedbase&hl=en&gl=us,{},available,1.3.3,16,2025-09-06,arm64-v8a; armeabi-v7a,https://apkpure.com/lucid-base/com.lucid.bedbase,1.3.3,16,2025-09-06,arm64-v8a; armeabi-v7a,APKPure,matched,current,,2026-07-14
com.malouf.bedbase,Malouf Base,2.4.3,54,arm64-v8a,available,2.4.3,2025-09-02,CVB Inc.,https://play.google.com/store/apps/details?id=com.malouf.bedbase&hl=en&gl=us,{},available,2.4.3,54,2025-09-13,arm64-v8a,https://apkpure.com/malouf-base/com.malouf.bedbase,2.4.3,54,2025-09-13,arm64-v8a,APKPure,matched,current,,2026-07-14
com.motion.rmtrelax,Relax Motion,1.5.0,521,arm64-v8a,available,1.5.0,2025-05-06,"Remacro Technology Co., Ltd.",https://play.google.com/store/apps/details?id=com.motion.rmtrelax&hl=en&gl=us,{},available,1.5.0,521,2025-05-28,arm64-v8a,https://apkpure.com/relax-motion/com.motion.rmtrelax,1.5.0,521,2025-05-28,arm64-v8a,APKPure,matched,current,,2026-07-14
com.okin.MattressPoint,MattressPoint,1.0.1,3,arm64-v8a,region_restricted,,,DewertOkin Technology,https://play.google.com/store/apps/details?id=com.okin.MattressPoint&hl=en&gl=us,"{""au"": ""available"", ""ca"": ""not_in_region"", ""de"": ""not_in_region"", ""gb"": ""not_in_region"", ""jp"": ""not_in_region"", ""no"": ""not_in_region"", ""us"": ""not_in_region""}",available,1.0.3,5,2026-03-14,arm64-v8a,https://apkpure.com/mattresspoint/com.okin.MattressPoint,1.0.3,5,2026-03-14,arm64-v8a,APKPure,apkpure_only,outdated,,2026-07-14
com.okin.apex,Comfort Enhancement 3,1.4.0,5,arm64-v8a,available,1.4.0,2025-10-30,DewertOkin Technology,https://play.google.com/store/apps/details?id=com.okin.apex&hl=en&gl=us,{},available,1.4.0,5,2026-01-16,arm64-v8a; armeabi-v7a,https://apkpure.com/comfort-plus3/com.okin.apex,1.4.0,5,2026-01-16,arm64-v8a; armeabi-v7a,APKPure,matched,current,,2026-07-14
com.okin.bedding.adjustablelumbar,Adjustable bed(Lumbar),1.1,29,arm64-v8a,available,1.2.2,2026-05-14,DewertOkin Technology,https://play.google.com/store/apps/details?id=com.okin.bedding.adjustablelumbar&hl=en&gl=us,{},available,1.2.2,33,2026-05-22,arm64-v8a; armeabi-v7a,https://apkpure.com/adjustable-bed-lumbar/com.okin.bedding.adjustablelumbar,1.2.2,33,2026-05-22,arm64-v8a; armeabi-v7a,APKPure,matched,outdated,,2026-07-14
com.okin.bedding.adjustbed,Adjustable bed,1.1,27,arm64-v8a,available,1.2.1,2026-05-14,DewertOkin Technology,https://play.google.com/store/apps/details?id=com.okin.bedding.adjustbed&hl=en&gl=us,{},available,1.2.1,33,2026-06-04,arm64-v8a,https://apkpure.com/adjustable-bed/com.okin.bedding.adjustbed,1.2.1,33,2026-06-04,arm64-v8a,APKPure,matched,outdated,,2026-07-14
com.okin.bedding.alya,Alya Smart Furnishing,1.0.2,3,armeabi-v7a,available,1.0.2,2023-12-11,DewertOkin Technology,https://play.google.com/store/apps/details?id=com.okin.bedding.alya&hl=en&gl=us,{},available,1.0.2,3,2024-01-19,arm64-v8a; armeabi-v7a; universal,https://apkpure.com/alya-smart-furnishing/com.okin.bedding.alya,1.0.2,3,2024-01-19,arm64-v8a; armeabi-v7a; universal,APKPure,matched,current,,2026-07-14
com.okin.bedding.berun,BERUN,1.1.1,7,arm64-v8a,available,1.1.1,2024-10-14,DewertOkin Technology,https://play.google.com/store/apps/details?id=com.okin.bedding.berun&hl=en&gl=us,{},available,1.1.1,7,2025-04-11,arm64-v8a,https://apkpure.com/berun-mx/com.okin.bedding.berun,1.1.1,7,2025-04-11,arm64-v8a,APKPure,matched,current,,2026-07-14
com.okin.bedding.customaticclarity,Rize Clarity,1.0.1,2,,available,1.0.1,2023-04-06,DewertOkin Technology,https://play.google.com/store/apps/details?id=com.okin.bedding.customaticclarity&hl=en&gl=us,{},available,1.0.1,2,2023-04-10,universal,https://apkpure.com/rize-clarity/com.okin.bedding.customaticclarity,1.0.1,2,2023-04-10,universal,APKPure,matched,current,,2026-07-14
com.okin.bedding.customaticdemo,Independence,1.1.0,5,,available,1.1.0,2024-07-15,DewertOkin Technology,https://play.google.com/store/apps/details?id=com.okin.bedding.customaticdemo&hl=en&gl=us,{},available,1.1.0,5,2025-04-11,universal,https://apkpure.com/the-independence-bed/com.okin.bedding.customaticdemo,1.1.0,5,2025-04-11,universal,APKPure,matched,current,,2026-07-14
com.okin.bedding.customaticjeromes,Jerome's C,1.0.1,2,,available,1.0.1,2023-04-06,DewertOkin Technology,https://play.google.com/store/apps/details?id=com.okin.bedding.customaticjeromes&hl=en&gl=us,{},available,1.0.1,2,2024-04-07,universal,https://apkpure.com/jerome-s-clarity/com.okin.bedding.customaticjeromes,1.0.1,2,2024-04-07,universal,APKPure,matched,current,,2026-07-14
com.okin.bedding.customaticremedy,Rize Remedy,1.0.1,2,,available,1.0.1,2023-04-06,DewertOkin Technology,https://play.google.com/store/apps/details?id=com.okin.bedding.customaticremedy&hl=en&gl=us,{},available,1.0.1,2,2023-05-19,universal,https://apkpure.com/rize-remedy/com.okin.bedding.customaticremedy,1.0.1,2,2023-05-19,universal,APKPure,matched,current,,2026-07-14
com.okin.bedding.glory,Customatic Technologies Z-Series,1.0.4,5,,available,1.0.4,2023-04-09,DewertOkin Technology,https://play.google.com/store/apps/details?id=com.okin.bedding.glory&hl=en&gl=us,{},available,1.0.4,5,2024-01-05,universal,https://apkpure.com/customatic-z-series/com.okin.bedding.glory,1.0.4,5,2024-01-05,universal,APKPure,matched,current,,2026-07-14
com.okin.bedding.jobs,JobsAI智能助眠床,1.0.6,7,,available,1.0.6,2024-03-27,DewertOkin Technology,https://play.google.com/store/apps/details?id=com.okin.bedding.jobs&hl=en&gl=us,{},available,1.0.6,7,2025-04-11,universal,https://apkpure.com/jobs-%E8%B3%88%E4%BC%AF%E6%96%AF%E6%99%BA%E7%9C%A0%E5%BA%8A/com.okin.bedding.jobs,1.0.6,7,2025-04-11,universal,APKPure,matched,current,,2026-07-14
com.okin.bedding.luxe,Adjustable Comfort - Luxe,1.0.0,2,arm64-v8a,available,1.0.1,2026-04-21,DewertOkin Technology,https://play.google.com/store/apps/details?id=com.okin.bedding.luxe&hl=en&gl=us,{},available,1.0.0,2,2026-04-20,arm64-v8a,https://apkpure.com/adjustable-comfort-luxe/com.okin.bedding.luxe,1.0.1,,2026-04-21,,Google Play (APKPure mismatch),version_mismatch,unverifiable,Google Play reports 1.0.1; APKPure reports 1.0.0,2026-07-14
com.okin.bedding.nectarmotion,Nectar Move,1.0.1,2,,available,1.0.1,2023-04-06,DewertOkin Technology,https://play.google.com/store/apps/details?id=com.okin.bedding.nectarmotion&hl=en&gl=us,{},available,1.0.1,2,2024-05-17,universal,https://apkpure.com/nectar-move/com.okin.bedding.nectarmotion,1.0.1,2,2024-05-17,universal,APKPure,matched,current,,2026-07-14
com.okin.bedding.nerum,Nerum,1.0.3,4,arm64-v8a,region_restricted,,,DewertOkin Technology,https://play.google.com/store/apps/details?id=com.okin.bedding.nerum&hl=en&gl=us,"{""au"": ""not_in_region"", ""ca"": ""not_in_region"", ""de"": ""not_in_region"", ""gb"": ""not_in_region"", ""jp"": ""available"", ""no"": ""not_in_region"", ""us"": ""not_in_region""}",available,1.0.7,11,2026-05-15,arm64-v8a,https://apkpure.com/nerum/com.okin.bedding.nerum,1.0.7,11,2026-05-15,arm64-v8a,APKPure,apkpure_only,outdated,,2026-07-14
com.okin.bedding.rizeResident,Resident Adjustable Bed,1.0.1,2,,available,1.0.1,2023-03-23,DewertOkin Technology,https://play.google.com/store/apps/details?id=com.okin.bedding.rizeResident&hl=en&gl=us,{},available,1.0.1,2,2023-11-18,universal,https://apkpure.com/resident-adjustable-bed/com.okin.bedding.rizeResident,1.0.1,2,2023-11-18,universal,APKPure,matched,current,,2026-07-14
com.okin.bedding.rizeSanctuary,Jordan's Sanctuary - O,1.0.1,2,,available,1.0.1,2023-04-09,DewertOkin Technology,https://play.google.com/store/apps/details?id=com.okin.bedding.rizeSanctuary&hl=en&gl=us,{},available,1.0.1,2,2025-04-11,universal,https://apkpure.com/jordan-s-sanctuary-o/com.okin.bedding.rizeSanctuary,1.0.1,2,2025-04-11,universal,APKPure,matched,current,,2026-07-14
com.okin.bedding.rizeaviada,Rize Aviada - O,1.0.1,2,,available,1.0.1,2023-03-29,DewertOkin Technology,https://play.google.com/store/apps/details?id=com.okin.bedding.rizeaviada&hl=en&gl=us,{},available,1.0.1,2,2025-04-11,universal,https://apkpure.com/rize-aviada-o/com.okin.bedding.rizeaviada,1.0.1,2,2025-04-11,universal,APKPure,matched,current,,2026-07-14
com.okin.bedding.rizebob,POWER BOB ULTRA-O,1.0.1,2,,available,1.0.1,2023-04-06,DewertOkin Technology,https://play.google.com/store/apps/details?id=com.okin.bedding.rizebob&hl=en&gl=us,{},available,1.0.1,2,2023-04-09,universal,https://apkpure.com/power-bob-ultra-o/com.okin.bedding.rizebob,1.0.1,2,2023-04-09,universal,APKPure,matched,current,,2026-07-14
com.okin.bedding.rizecontempo,Rize Contemporary III - O,1.0.2,3,,available,1.0.2,2023-03-29,DewertOkin Technology,https://play.google.com/store/apps/details?id=com.okin.bedding.rizecontempo&hl=en&gl=us,{},available,1.0.2,3,2025-04-11,universal,https://apkpure.com/rize-contemporary-iii-o/com.okin.bedding.rizecontempo,1.0.2,3,2025-04-11,universal,APKPure,matched,current,,2026-07-14
com.okin.bedding.rizeii,Rize Remedy II,1.0.1,2,,available,1.0.1,2023-03-29,DewertOkin Technology,https://play.google.com/store/apps/details?id=com.okin.bedding.rizeii&hl=en&gl=us,{},available,1.0.1,2,2024-11-06,universal,https://apkpure.com/rize-remedy-ii/com.okin.bedding.rizeii,1.0.1,2,2024-11-06,universal,APKPure,matched,current,,2026-07-14
com.okin.bedding.rizeiicarefree,Carefree,1.0.1,2,,available,1.0.1,2023-04-06,DewertOkin Technology,https://play.google.com/store/apps/details?id=com.okin.bedding.rizeiicarefree&hl=en&gl=us,{},available,1.0.1,2,2024-04-07,universal,https://apkpure.com/jordan-s-carefree/com.okin.bedding.rizeiicarefree,1.0.1,2,2024-04-07,universal,APKPure,matched,current,,2026-07-14
com.okin.bedding.rizeiiclarity,Rize Clarity II - O,1.0.1,2,,available,1.0.1,2023-03-26,DewertOkin Technology,https://play.google.com/store/apps/details?id=com.okin.bedding.rizeiiclarity&hl=en&gl=us,{},available,1.0.1,2,2024-11-06,universal,https://apkpure.com/rize-clarity-ii-o/com.okin.bedding.rizeiiclarity,1.0.1,2,2024-11-06,universal,APKPure,matched,current,,2026-07-14
com.okin.bedding.rizemf900,MFirm 900 - O,1.1.2,4,,available,1.1.2,2023-09-28,DewertOkin Technology,https://play.google.com/store/apps/details?id=com.okin.bedding.rizemf900&hl=en&gl=us,{},available,1.1.2,4,2025-02-19,universal,https://apkpure.com/mattress-firm-900-o/com.okin.bedding.rizemf900,1.1.2,4,2025-02-19,universal,APKPure,matched,current,,2026-07-14
com.okin.bedding.sleepy,Sleepy's Elite,1.1.4,13,arm64-v8a,available,1.1.5,2026-04-21,DewertOkin Technology,https://play.google.com/store/apps/details?id=com.okin.bedding.sleepy&hl=en&gl=us,{},available,1.1.5,14,2026-05-27,arm64-v8a,https://apkpure.com/mfrm-sleepy-s-elite/com.okin.bedding.sleepy,1.1.5,14,2026-05-27,arm64-v8a,APKPure,matched,outdated,,2026-07-14
com.okin.bedding.smartbedwifi,SmartBed,2.2.0,22,,available,2.4.2,2026-07-03,DewertOkin Technology,https://play.google.com/store/apps/details?id=com.okin.bedding.smartbedwifi&hl=en&gl=us,{},available,2.4.2,28,2026-07-05,arm64-v8a; armeabi-v7a,https://apkpure.com/okin-smart-bed/com.okin.bedding.smartbedwifi,2.4.2,28,2026-07-05,arm64-v8a; armeabi-v7a,APKPure,matched,outdated,,2026-07-14
com.okin.bedding.support,Support 挺你 科技調整床,1.0.4,5,,available,1.0.4,2023-05-24,DewertOkin Technology,https://play.google.com/store/apps/details?id=com.okin.bedding.support&hl=en&gl=us,{},available,1.0.4,5,2026-06-18,universal,https://apkpure.com/support-%E6%8C%BA%E4%BD%A0-%E7%A7%91%E6%8A%80%E8%AA%BF%E6%95%B4%E5%BA%8A/com.okin.bedding.support,1.0.4,5,2026-06-18,universal,APKPure,matched,current,,2026-07-14
com.okin.bedding.tranquil,Jordan's Tranquil,1.0.2,3,,available,1.0.2,2023-05-08,DewertOkin Technology,https://play.google.com/store/apps/details?id=com.okin.bedding.tranquil&hl=en&gl=us,{},available,1.0.2,3,2024-04-07,universal,https://apkpure.com/jordan-s-tranquil/com.okin.bedding.tranquil,1.0.2,3,2024-04-07,universal,APKPure,matched,current,,2026-07-14
com.okin.bedding.ultra,Ultra,1.0.0,1,arm64-v8a; armeabi-v7a; x86_64,available,1.0.1,2026-04-21,DewertOkin Technology,https://play.google.com/store/apps/details?id=com.okin.bedding.ultra&hl=en&gl=us,{},available,1.0.1,3,2026-05-25,arm64-v8a; armeabi-v7a,https://apkpure.com/adjustable-comfort-ultra/com.okin.bedding.ultra,1.0.1,3,2026-05-25,arm64-v8a; armeabi-v7a,APKPure,matched,outdated,,2026-07-14
com.okin.doublesleep,OKIN SleepEase,1.1.0,56,arm64-v8a,available,1.2.24,2026-04-23,DewertOkin Technology,https://play.google.com/store/apps/details?id=com.okin.doublesleep&hl=en&gl=us,{},available,1.2.24,109,2026-05-18,arm64-v8a,https://apkpure.com/okin-sleepease/com.okin.doublesleep,1.2.24,109,2026-05-18,arm64-v8a,APKPure,matched,outdated,,2026-07-14
com.okin.enhancements,Comfort Enhancements,1.0.3,4,arm64-v8a; armeabi-v7a; x86; x86_64,available,1.0.3,2023-08-19,DewertOkin Technology,https://play.google.com/store/apps/details?id=com.okin.enhancements&hl=en&gl=us,{},available,1.0.3,4,2023-10-13,arm64-v8a; armeabi-v7a; x86; x86_64,https://apkpure.com/comfort-enhancements/com.okin.enhancements,1.0.3,4,2023-10-13,arm64-v8a; armeabi-v7a; x86; x86_64,APKPure,matched,current,,2026-07-14
com.okin.healeverynight,Heal Every Night,1.0,1,armeabi; armeabi-v7a; mips; x86,available,1.0,2017-09-21,DewertOkin Technology,https://play.google.com/store/apps/details?id=com.okin.healeverynight&hl=en&gl=us,{},available,1.0,1,2025-08-26,armeabi; armeabi-v7a; mips; x86,https://apkpure.com/heal-every-night/com.okin.healeverynight,1.0,1,2025-08-26,armeabi; armeabi-v7a; mips; x86,APKPure,matched,current,,2026-07-14
com.okin.ist,Symphony Sleep Sense,2.5.1,162,armeabi-v7a,available,2.8.0,2026-07-01,DewertOkin Technology,https://play.google.com/store/apps/details?id=com.okin.ist&hl=en&gl=us,{},available,2.8.0,194,2026-07-13,arm64-v8a; armeabi-v7a,https://apkpure.com/symphony-sleep-sense/com.okin.ist,2.8.0,194,2026-07-13,arm64-v8a; armeabi-v7a,APKPure,matched,outdated,,2026-07-14
com.okin.jalon.okimatandroid,OkimattMotion,1.1.1,3,,available,1.1.1,2024-09-20,DewertOkin Technology,https://play.google.com/store/apps/details?id=com.okin.jalon.okimatandroid&hl=en&gl=us,{},available,1.1.1,3,2025-04-11,universal,https://apkpure.com/okimattmotion/com.okin.jalon.okimatandroid,1.1.1,3,2025-04-11,universal,APKPure,matched,current,,2026-07-14
com.okin.mattresstool,BW配网助手,1.0.0,1,arm64-v8a,available,1.0.0,2022-01-13,DewertOkin Technology,https://play.google.com/store/apps/details?id=com.okin.mattresstool&hl=en&gl=us,{},available,1.0.0,1,2022-01-27,arm64-v8a; armeabi-v7a,https://apkpure.com/bw%E9%85%8D%E7%BD%91%E5%8A%A9%E6%89%8B/com.okin.mattresstool,1.0.0,1,2022-01-27,arm64-v8a; armeabi-v7a,APKPure,matched,current,,2026-07-14
com.okin.minamotobed.release,minamotobed,1.1.3,39,armeabi-v7a,available,1.1.4,2025-10-30,DewertOkin Technology,https://play.google.com/store/apps/details?id=com.okin.minamotobed.release&hl=en&gl=us,{},available,1.1.4,40,2026-03-14,arm64-v8a,https://apkpure.com/minamotobed/com.okin.minamotobed.release,1.1.4,40,2026-03-14,arm64-v8a,APKPure,matched,outdated,,2026-07-14
com.okin.minghua.R,OKIN-Seating,1.0.1,2,armeabi; armeabi-v7a; mips; x86,available,1.0.1,2018-05-25,DewertOkin Technology,https://play.google.com/store/apps/details?id=com.okin.minghua.R&hl=en&gl=us,{},available,1.0.1,2,2018-09-25,armeabi; armeabi-v7a; mips; x86,https://apkpure.com/okin-seating/com.okin.minghua.R,1.0.1,2,2018-09-25,armeabi; armeabi-v7a; mips; x86,APKPure,matched,current,,2026-07-14
com.okin.mline,M line,1.2.2,38,arm64-v8a,available,1.2.2,2025-03-14,DewertOkin Technology,https://play.google.com/store/apps/details?id=com.okin.mline&hl=en&gl=us,{},available,1.2.2,38,2025-04-11,arm64-v8a; armeabi-v7a,https://apkpure.com/mline/com.okin.mline,1.2.2,38,2025-04-11,arm64-v8a; armeabi-v7a,APKPure,matched,current,,2026-07-14
com.okin.motionbed,OKIN Motion Bed,1.0,2,,available,1.0,2017-06-15,DewertOkin Technology,https://play.google.com/store/apps/details?id=com.okin.motionbed&hl=en&gl=us,{},available,1.0,2,2018-08-05,universal,https://apkpure.com/okin-motion-bed/com.okin.motionbed,1.0,2,2018-08-05,universal,APKPure,matched,current,,2026-07-14
com.okin.office.smartoffice_ble,SmartOffice-Bluetooth,1.0.4,6,arm64-v8a,available,1.0.5,2026-01-06,DewertOkin Technology,https://play.google.com/store/apps/details?id=com.okin.office.smartoffice_ble&hl=en&gl=us,{},available,1.0.5,9,2026-02-15,arm64-v8a; armeabi-v7a,https://apkpure.com/smartoffice-bluetooth/com.okin.office.smartoffice_ble,1.0.5,9,2026-02-15,arm64-v8a; armeabi-v7a,APKPure,matched,outdated,,2026-07-14
com.okin.okinsmartcomfort,FurniMove,2.1.0,18,,available,2.2.0,2026-05-15,DewertOkin Technology,https://play.google.com/store/apps/details?id=com.okin.okinsmartcomfort&hl=en&gl=us,{},available,2.2.0,19,2026-05-22,universal,https://apkpure.com/furnimove/com.okin.okinsmartcomfort,2.2.0,19,2026-05-22,universal,APKPure,matched,outdated,,2026-07-14
com.okin.ore.cherish,Cherish,1.0.4,5,,available,1.0.4,2020-04-30,DewertOkin Technology,https://play.google.com/store/apps/details?id=com.okin.ore.cherish&hl=en&gl=us,{},available,1.0.4,5,2020-06-13,universal,https://apkpure.com/cherish-smart/com.okin.ore.cherish,1.0.4,5,2020-06-13,universal,APKPure,matched,current,,2026-07-14
com.okin.resident.release,resident,1.0.0,1,arm64-v8a,available,1.0.0,2023-08-23,DewertOkin Technology,https://play.google.com/store/apps/details?id=com.okin.resident.release&hl=en&gl=us,{},available,1.0.0,1,2025-02-02,arm64-v8a,https://apkpure.com/resident-adjustable-base/com.okin.resident.release,1.0.0,1,2025-02-02,arm64-v8a,APKPure,matched,current,,2026-07-14
com.okin.rize,Rize Home,1.1.1,11,arm64-v8a,available,1.1.2,2026-01-05,DewertOkin Technology,https://play.google.com/store/apps/details?id=com.okin.rize&hl=en&gl=us,{},available,1.1.2,12,2026-03-14,arm64-v8a,https://apkpure.com/rize-home-app/com.okin.rize,1.1.2,12,2026-03-14,arm64-v8a,APKPure,matched,outdated,,2026-07-14
com.okin.sealy,Sealy Posturematic,1.1.1,126,arm64-v8a; armeabi-v7a,available,1.1.3,2026-05-14,star_seeds,https://play.google.com/store/apps/details?id=com.okin.sealy&hl=en&gl=us,{},available,1.1.1,126,2026-04-05,arm64-v8a,https://apkpure.com/sealy-posturematic/com.okin.sealy,1.1.3,,2026-05-14,,Google Play (APKPure mismatch),version_mismatch,unverifiable,Google Play reports 1.1.3; APKPure reports 1.1.1,2026-07-14
com.okin.seating.smartcomfort,Smart Comfort Pro,1.0.5,7,,available,1.0.5,2023-03-29,DewertOkin Technology,https://play.google.com/store/apps/details?id=com.okin.seating.smartcomfort&hl=en&gl=us,{},available,1.0.5,7,2025-04-11,universal,https://apkpure.com/smartcomfortpro/com.okin.seating.smartcomfort,1.0.5,7,2025-04-11,universal,APKPure,matched,current,,2026-07-14
com.okin.seating.ss,SmartSofa,1.1.3,5,arm64-v8a,available,1.1.3,2023-04-18,DewertOkin Technology,https://play.google.com/store/apps/details?id=com.okin.seating.ss&hl=en&gl=us,{},available,1.1.3,5,2025-04-11,arm64-v8a; armeabi-v7a,https://apkpure.com/smartsofa-bluetooth/com.okin.seating.ss,1.1.3,5,2025-04-11,arm64-v8a; armeabi-v7a,APKPure,matched,current,,2026-07-14
com.okin.simmons,SIMMONS,1.12.9,99,arm64-v8a,available,1.12.9,2025-02-27,DewertOkin Technology,https://play.google.com/store/apps/details?id=com.okin.simmons&hl=en&gl=us,{},available,1.12.9,99,2025-03-06,arm64-v8a; armeabi-v7a,https://apkpure.com/simmons-simrest/com.okin.simmons,1.12.9,99,2025-03-06,arm64-v8a; armeabi-v7a,APKPure,matched,current,,2026-07-14
com.okin.simmonskorea,N32 Motion Bed,1.1.12,35,arm64-v8a,available,1.1.14,2026-02-06,DewertOkin Technology,https://play.google.com/store/apps/details?id=com.okin.simmonskorea&hl=en&gl=us,{},available,1.1.14,38,2026-02-23,arm64-v8a; armeabi-v7a,https://apkpure.com/n32-motion-bed/com.okin.simmonskorea,1.1.14,38,2026-02-23,arm64-v8a; armeabi-v7a,APKPure,matched,outdated,,2026-07-14
com.okin.simon,Simon,1.0.1,2,armeabi; armeabi-v7a; mips; x86,available,1.0.1,2018-01-15,DewertOkin Technology,https://play.google.com/store/apps/details?id=com.okin.simon&hl=en&gl=us,{},available,1.0.1,2,2018-09-26,armeabi; armeabi-v7a; mips; x86,https://apkpure.com/simon-li/com.okin.simon,1.0.1,2,2018-09-26,armeabi; armeabi-v7a; mips; x86,APKPure,matched,current,,2026-07-14
com.okin.sleepMonitor.onlySnore,OKIN Snore Monitor,2.3.8,202,arm64-v8a,available,2.3.8,2025-05-26,DewertOkin Technology,https://play.google.com/store/apps/details?id=com.okin.sleepMonitor.onlySnore&hl=en&gl=us,{},available,2.3.8,202,2025-09-23,arm64-v8a; armeabi-v7a,https://apkpure.com/snore-monitor/com.okin.sleepMonitor.onlySnore,2.3.8,202,2025-09-23,arm64-v8a; armeabi-v7a,APKPure,matched,current,,2026-07-14
com.okin.sleeptime,Sleeptime,1.0.0,1,arm64-v8a,available,1.0.1,2026-01-05,DewertOkin Technology,https://play.google.com/store/apps/details?id=com.okin.sleeptime&hl=en&gl=us,{},available,1.0.1,2,2026-05-26,arm64-v8a; armeabi-v7a,https://apkpure.com/sleeptime-australia/com.okin.sleeptime,1.0.1,2,2026-05-26,arm64-v8a; armeabi-v7a,APKPure,matched,outdated,,2026-07-14
com.okin.topsky,TOPSKY TV MOUNT,1.1.5,32,armeabi-v7a,available,1.2.6,2026-05-14,DewertOkin Technology,https://play.google.com/store/apps/details?id=com.okin.topsky&hl=en&gl=us,{},available,1.2.6,33,2026-07-13,armeabi-v7a,https://apkpure.com/topsky-tv-mount/com.okin.topsky,1.2.6,33,2026-07-13,armeabi-v7a,APKPure,matched,outdated,,2026-07-14
com.okin.ultramaticSmartBed,Ultramatic Smart Bed,1.1.1,4,arm64-v8a,available,1.1.2,2026-01-05,DewertOkin Technology,https://play.google.com/store/apps/details?id=com.okin.ultramaticSmartBed&hl=en&gl=us,{},available,1.1.2,5,2026-06-13,arm64-v8a; armeabi-v7a,https://apkpure.com/ultramatic-smart-bed/com.okin.ultramaticSmartBed,1.1.2,5,2026-06-13,arm64-v8a; armeabi-v7a,APKPure,matched,outdated,,2026-07-14
com.ore.AvantiBases,AvantiBases,1.0.5,7,,available,1.0.5,2024-03-19,DewertOkin Technology,https://play.google.com/store/apps/details?id=com.ore.AvantiBases&hl=en&gl=us,{},available,1.0.5,7,2025-04-11,universal,https://apkpure.com/avanti-bases/com.ore.AvantiBases,1.0.5,7,2025-04-11,universal,APKPure,matched,current,,2026-07-14
com.ore.Dynasty,Dynasty Bases,1.0.2,3,arm64-v8a,available,1.0.2,2023-10-15,DewertOkin Technology,https://play.google.com/store/apps/details?id=com.ore.Dynasty&hl=en&gl=us,{},available,1.0.2,3,2024-08-08,arm64-v8a; armeabi-v7a,https://apkpure.com/dynasty-bases/com.ore.Dynasty,1.0.2,3,2024-08-08,arm64-v8a; armeabi-v7a,APKPure,matched,current,,2026-07-14
com.ore.LevaSleep,LEVA,1.0.2,3,arm64-v8a,available,1.0.2,2023-10-14,DewertOkin Technology,https://play.google.com/store/apps/details?id=com.ore.LevaSleep&hl=en&gl=us,{},available,1.0.2,3,2025-01-22,arm64-v8a; armeabi-v7a; x86,https://apkpure.com/leva-sleep/com.ore.LevaSleep,1.0.2,3,2025-01-22,arm64-v8a; armeabi-v7a; x86,APKPure,matched,current,,2026-07-14
com.ore.americanstar,AMERICANSTAR,1.0,1,armeabi; armeabi-v7a; mips; x86,available,1.0,2018-02-05,DewertOkin Technology,https://play.google.com/store/apps/details?id=com.ore.americanstar&hl=en&gl=us,{},available,1.0,1,2018-09-25,armeabi; armeabi-v7a; mips; x86,https://apkpure.com/americanstar-usa/com.ore.americanstar,1.0,1,2018-09-25,armeabi; armeabi-v7a; mips; x86,APKPure,matched,current,,2026-07-14
com.ore.bedding.glideawaymontion,Glideaway Montion For Bluetooth,1.0.3,11,,available,1.0.3,2025-04-21,DewertOkin Technology,https://play.google.com/store/apps/details?id=com.ore.bedding.glideawaymontion&hl=en&gl=us,{},available,1.0.3,11,2026-01-20,universal,https://apkpure.com/glideaway-motion-for-bluetooth/com.ore.bedding.glideawaymontion,1.0.3,11,2026-01-20,universal,APKPure,matched,current,,2026-07-14
com.ore.bedding.movita2,모비타 AI-1000,1.0.6,6,arm64-v8a,not_in_region,,,DewertOkin Technology,https://play.google.com/store/apps/details?id=com.ore.bedding.movita2&hl=en&gl=us,"{""au"": ""not_in_region"", ""ca"": ""not_in_region"", ""de"": ""not_in_region"", ""gb"": ""not_in_region"", ""jp"": ""not_in_region"", ""no"": ""not_in_region"", ""us"": ""not_in_region""}",available,1.1.0,8,2026-03-14,arm64-v8a; armeabi-v7a,https://apkpure.com/%EB%AA%A8%EB%B9%84%ED%83%80ai-1000/com.ore.bedding.movita2,1.1.0,8,2026-03-14,arm64-v8a; armeabi-v7a,APKPure,apkpure_only,outdated,,2026-07-14
com.ore.bedding.symphony,Symphony Sleep,1.1.0,14,,available,1.1.0,2024-02-27,DewertOkin Technology,https://play.google.com/store/apps/details?id=com.ore.bedding.symphony&hl=en&gl=us,{},available,1.1.0,14,2025-04-11,universal,https://apkpure.com/symphony-sleep/com.ore.bedding.symphony,1.1.0,14,2025-04-11,universal,APKPure,matched,current,,2026-07-14
com.ore.betterliving2,BetterLiving,1.2.5,12,,available,1.3.0,2026-04-23,DewertOkin Technology,https://play.google.com/store/apps/details?id=com.ore.betterliving2&hl=en&gl=us,{},available,1.3.0,16,2026-05-22,universal,https://apkpure.com/betterliving-1/com.ore.betterliving2,1.3.0,16,2026-05-22,universal,APKPure,matched,outdated,,2026-07-14
com.ore.comfortfurniture,ComfortFurniture,2.3,10,arm64-v8a; armeabi; armeabi-v7a; mips; x86; x86_64,available,2.3,2020-12-15,DewertOkin Technology,https://play.google.com/store/apps/details?id=com.ore.comfortfurniture&hl=en&gl=us,{},available,2.3,10,2021-03-11,arm64-v8a; armeabi; armeabi-v7a; mips; x86; x86_64,https://apkpure.com/comfortfurniture/com.ore.comfortfurniture,2.3,10,2021-03-11,arm64-v8a; armeabi; armeabi-v7a; mips; x86; x86_64,APKPure,matched,current,,2026-07-14
com.ore.jalon.comfortwifiandroid,ComfortBaseForWifi,3.7,10,arm64-v8a; armeabi; armeabi-v7a; mips; mips64; x86; x86_64,available,3.7,2019-01-29,DewertOkin Technology,https://play.google.com/store/apps/details?id=com.ore.jalon.comfortwifiandroid&hl=en&gl=us,{},available,3.7,10,2020-04-23,arm64-v8a; armeabi; armeabi-v7a; mips; mips64; x86; x86_64,https://apkpure.com/comfortbaseforwifi/com.ore.jalon.comfortwifiandroid,3.7,10,2020-04-23,arm64-v8a; armeabi; armeabi-v7a; mips; mips64; x86; x86_64,APKPure,matched,current,,2026-07-14
com.ore.jalon.neworebeding,OkinComfortBed Ⅱ,2.0.2,9,arm64-v8a,available,2.0.2,2025-10-29,DewertOkin Technology,https://play.google.com/store/apps/details?id=com.ore.jalon.neworebeding&hl=en&gl=us,{},available,2.0.2,9,2025-11-11,arm64-v8a; armeabi-v7a,https://apkpure.com/okin-comfortbed-ii-n/com.ore.jalon.neworebeding,2.0.2,9,2025-11-11,arm64-v8a; armeabi-v7a,APKPure,matched,current,,2026-07-14
com.ore.jalon.neworebeding_android,OkinComfortBed Ⅱ,1.4,4,,available,1.4,2019-06-12,DewertOkin Technology,https://play.google.com/store/apps/details?id=com.ore.jalon.neworebeding_android&hl=en&gl=us,{},available,1.4,4,2020-04-04,universal,https://apkpure.com/okin-comfortbed-%E2%85%B1/com.ore.jalon.neworebeding_android,1.4,4,2020-04-04,universal,APKPure,matched,current,,2026-07-14
com.ore.jalon.officeandr,SmartOffice,1.0.2,4,,available,1.0.2,2022-04-18,DewertOkin Technology,https://play.google.com/store/apps/details?id=com.ore.jalon.officeandr&hl=en&gl=us,{},available,1.0.2,4,2022-11-07,universal,https://apkpure.com/smart-office-okin/com.ore.jalon.officeandr,1.0.2,4,2022-11-07,universal,APKPure,matched,current,,2026-07-14
com.ore.koizumi2,B-remote 1M,1.1,3,,available,1.1,2015-09-02,DewertOkin Technology,https://play.google.com/store/apps/details?id=com.ore.koizumi2&hl=en&gl=us,{},available,1.1,3,2016-09-27,universal,https://apkpure.com/b-remote-1m/com.ore.koizumi2,1.1,3,2016-09-27,universal,APKPure,matched,current,,2026-07-14
com.ore.maxcoil,MaxCoil Una,1.1.0,5,arm64-v8a,available,1.1.0,2024-05-22,DewertOkin Technology,https://play.google.com/store/apps/details?id=com.ore.maxcoil&hl=en&gl=us,{},available,1.1.0,5,2025-04-11,arm64-v8a; armeabi-v7a,https://apkpure.com/maxcoil-una/com.ore.maxcoil,1.1.0,5,2025-04-11,arm64-v8a; armeabi-v7a,APKPure,matched,current,,2026-07-14
com.ore.okincomfortbed,OKIN Comfort Bed,1.1.4,6,arm64-v8a,available,1.1.6,2026-05-21,DewertOkin Technology,https://play.google.com/store/apps/details?id=com.ore.okincomfortbed&hl=en&gl=us,{},available,1.1.6,8,2026-05-26,arm64-v8a,https://apkpure.com/okin-comfort-bed/com.ore.okincomfortbed,1.1.6,8,2026-05-26,arm64-v8a,APKPure,matched,outdated,,2026-07-14
com.ore.powersbedding,PowersBedding,1.1.0,2,,available,1.1.0,2024-05-15,DewertOkin Technology,https://play.google.com/store/apps/details?id=com.ore.powersbedding&hl=en&gl=us,{},available,1.1.0,2,2025-04-11,universal,https://apkpure.com/powersbedding/com.ore.powersbedding,1.1.0,2,2025-04-11,universal,APKPure,matched,current,,2026-07-14
com.ore.serta330,Serta MP Remote,1.1,7,arm64-v8a; armeabi-v7a; x86; x86_64,available,1.1,2023-12-16,Ergomotion,https://play.google.com/store/apps/details?id=com.ore.serta330&hl=en&gl=us,{},available,1.1,7,2024-06-12,arm64-v8a; armeabi-v7a; x86; x86_64,https://apkpure.com/serta-mp-remote/com.ore.serta330,1.1,7,2024-06-12,arm64-v8a; armeabi-v7a; x86; x86_64,APKPure,matched,current,,2026-07-14
com.ore.sfm,INNOVA,2.0,3,armeabi; armeabi-v7a; mips; x86,available,2.0,2016-10-05,DewertOkin Technology,https://play.google.com/store/apps/details?id=com.ore.sfm&hl=en&gl=us,{},available,2.0,3,2016-10-06,armeabi; armeabi-v7a; mips; x86,https://apkpure.com/innova/com.ore.sfm,2.0,3,2016-10-06,armeabi; armeabi-v7a; mips; x86,APKPure,matched,current,,2026-07-14
com.ore.sfmc2bedsence,Bedsense Bases,1.1,3,armeabi; armeabi-v7a; mips; x86,available,1.1,2016-08-04,DewertOkin Technology,https://play.google.com/store/apps/details?id=com.ore.sfmc2bedsence&hl=en&gl=us,{},removed,,,,,,1.1,,2016-08-04,,Google Play,google_play_only,current,APKPure has no current listing,2026-07-14
com.ore.tempur,Tempur Curve,1.7,16,arm64-v8a; armeabi-v7a; x86; x86_64,available,1.7,2023-08-31,Ergomotion,https://play.google.com/store/apps/details?id=com.ore.tempur&hl=en&gl=us,{},available,1.7,16,2023-09-29,arm64-v8a; armeabi-v7a; x86; x86_64,https://apkpure.com/tempur-curve/com.ore.tempur,1.7,16,2023-09-29,arm64-v8a; armeabi-v7a; x86; x86_64,APKPure,matched,current,,2026-07-14
com.ore.ultramatic,Ultramatic,1.0.2,4,arm64-v8a,available,1.0.5,2026-05-14,DewertOkin Technology,https://play.google.com/store/apps/details?id=com.ore.ultramatic&hl=en&gl=us,{},available,1.0.5,9,2026-05-21,arm64-v8a; armeabi-v7a,https://apkpure.com/ultramatic/com.ore.ultramatic,1.0.5,9,2026-05-21,arm64-v8a; armeabi-v7a,APKPure,matched,outdated,,2026-07-14
com.ore.yorkfeng.comfortbaseble2,ComfortBaseForBluetooth,1.1.2,6,arm64-v8a,available,1.1.2,2023-03-29,DewertOkin Technology,https://play.google.com/store/apps/details?id=com.ore.yorkfeng.comfortbaseble2&hl=en&gl=us,{},available,1.1.2,6,2023-10-13,arm64-v8a; armeabi-v7a,https://apkpure.com/comfortbaseforbluetooth/com.ore.yorkfeng.comfortbaseble2,1.1.2,6,2023-10-13,arm64-v8a; armeabi-v7a,APKPure,matched,current,,2026-07-14
com.ore.yorkfeng.hestiamotion,HestiaMotion,1.2,3,,available,1.2,2016-10-12,DewertOkin Technology,https://play.google.com/store/apps/details?id=com.ore.yorkfeng.hestiamotion&hl=en&gl=us,{},available,1.2,3,2016-10-20,universal,https://apkpure.com/hestia%C2%AE-motion/com.ore.yorkfeng.hestiamotion,1.2,3,2016-10-20,universal,APKPure,matched,current,,2026-07-14
com.reverie.reverie,Reverie Nightstand,3.3.3,113,arm64-v8a,available,3.3.3,2025-10-21,Ascion LLC d/b/a Reverie,https://play.google.com/store/apps/details?id=com.reverie.reverie&hl=en&gl=us,{},available,3.3.3,113,2025-10-26,arm64-v8a; armeabi-v7a,https://apkpure.com/reverie-nightstand/com.reverie.reverie,3.3.3,113,2025-10-26,arm64-v8a; armeabi-v7a,APKPure,matched,current,,2026-07-14
com.richmat.acaa,ACAA bed control,1.0.4,5,arm64-v8a; armeabi-v7a; x86; x86_64,not_found,,,,,"{""au"": ""not_found"", ""ca"": ""not_found"", ""de"": ""not_found"", ""gb"": ""not_found"", ""jp"": ""not_found"", ""no"": ""not_found"", ""us"": ""not_found""}",available,1.0.4,5,2020-08-03,arm64-v8a; armeabi-v7a; x86; x86_64,https://apkpure.com/acaa-bed-control/com.richmat.acaa,1.0.4,5,2020-08-03,arm64-v8a; armeabi-v7a; x86; x86_64,APKPure,apkpure_only,current,,2026-07-14
com.richmat.americanstar,AMERICANSTAR,1.0.0,1,arm64-v8a,available,1.0.0,2025-01-15,Qingdao Richmat Intelligence Technology Inc,https://play.google.com/store/apps/details?id=com.richmat.americanstar&hl=en&gl=us,{},available,1.0.0,1,2025-03-11,arm64-v8a,https://apkpure.com/americanstar/com.richmat.americanstar,1.0.0,1,2025-03-11,arm64-v8a,APKPure,matched,current,,2026-07-14
com.richmat.avocadoecobase,Avocado Eco Base,1.0.4,5,,available,1.0.4,2024-08-19,Qingdao Richmat Intelligence Technology Inc,https://play.google.com/store/apps/details?id=com.richmat.avocadoecobase&hl=en&gl=us,{},available,1.0.4,5,2024-08-19,universal,https://apkpure.com/avocado-eco-base/com.richmat.avocadoecobase,1.0.4,5,2024-08-19,universal,APKPure,matched,current,,2026-07-14
com.richmat.awmotion,AW MOTION,1.0.1,10102,arm64-v8a,available,1.0.1,2025-08-07,Qingdao Richmat Intelligence Technology Inc,https://play.google.com/store/apps/details?id=com.richmat.awmotion&hl=en&gl=us,{},available,1.0.1,10102,2025-09-21,arm64-v8a; armeabi-v7a,https://apkpure.com/aw-motion/com.richmat.awmotion,1.0.1,10102,2025-09-21,arm64-v8a; armeabi-v7a,APKPure,matched,current,,2026-07-14
com.richmat.bailey2,Bailey's Bed Control,2.1.18,21,arm64-v8a; armeabi-v7a; x86; x86_64,available,2.1.21,2026-06-26,Qingdao Richmat Intelligence Technology Inc,https://play.google.com/store/apps/details?id=com.richmat.bailey2&hl=en&gl=us,{},available,2.1.18,21,2026-06-26,arm64-v8a; armeabi-v7a; x86; x86_64,https://apkpure.com/bailey-s-bed-control/com.richmat.bailey2,2.1.21,,2026-06-26,,Google Play (APKPure mismatch),version_mismatch,unverifiable,Google Play reports 2.1.21; APKPure reports 2.1.18,2026-07-14
com.richmat.baseremote,BaseRemote,1.0.1,2,arm64-v8a,available,1.0.1,2023-07-10,Qingdao Richmat Intelligence Technology Inc,https://play.google.com/store/apps/details?id=com.richmat.baseremote&hl=en&gl=us,{},available,1.0.1,2,2023-09-14,arm64-v8a; armeabi-v7a,https://apkpure.com/adjustable-bed-remote-zrem/com.richmat.baseremote,1.0.1,2,2023-09-14,arm64-v8a; armeabi-v7a,APKPure,matched,current,,2026-07-14
com.richmat.bed_tech,Bed Tech,2.8.3,13,arm64-v8a,not_found,,,,,"{""au"": ""not_found"", ""ca"": ""not_found"", ""de"": ""not_found"", ""gb"": ""not_found"", ""jp"": ""not_found"", ""no"": ""not_found"", ""us"": ""not_found""}",available,2.8.3,13,2025-04-08,arm64-v8a; armeabi-v7a,https://apkpure.com/bed-tech/com.richmat.bed_tech,2.8.3,13,2025-04-08,arm64-v8a; armeabi-v7a,APKPure,apkpure_only,current,,2026-07-14
com.richmat.bedsmart,X-Series,1.0.7,8,arm64-v8a; armeabi-v7a; x86; x86_64,available,1.0.7,2023-07-11,Qingdao Richmat Intelligence Technology Inc,https://play.google.com/store/apps/details?id=com.richmat.bedsmart&hl=en&gl=us,{},available,1.0.7,8,2023-08-14,arm64-v8a; armeabi-v7a; x86; x86_64,https://apkpure.com/x-series/com.richmat.bedsmart,1.0.7,8,2023-08-14,arm64-v8a; armeabi-v7a; x86; x86_64,APKPure,matched,current,,2026-07-14
com.richmat.bedtech3,Bedtech Bed Control,2.2.11,24,arm64-v8a; armeabi-v7a; x86; x86_64,not_found,,,,,"{""au"": ""not_found"", ""ca"": ""not_found"", ""de"": ""not_found"", ""gb"": ""not_found"", ""jp"": ""not_found"", ""no"": ""not_found"", ""us"": ""not_found""}",available,2.2.11,24,,arm64-v8a; armeabi-v7a; x86; x86_64,https://apkpure.com/bedtech-bed-control/com.richmat.bedtech3,2.2.11,24,,arm64-v8a; armeabi-v7a; x86; x86_64,APKPure,apkpure_only,current,,2026-07-14
com.richmat.best_mattress,Best Mattress,1.1.1,3,arm64-v8a; armeabi-v7a; x86; x86_64,available,1.1.1,2023-11-09,Qingdao Richmat Intelligence Technology Inc,https://play.google.com/store/apps/details?id=com.richmat.best_mattress&hl=en&gl=us,{},available,1.1.1,3,2025-12-28,arm64-v8a; armeabi-v7a; x86; x86_64,https://apkpure.com/best-mattress-power-base/com.richmat.best_mattress,1.1.1,3,2025-12-28,arm64-v8a; armeabi-v7a; x86; x86_64,APKPure,matched,current,,2026-07-14
com.richmat.blvd_home,Blvd Home,1.0.1,2,arm64-v8a; armeabi-v7a; x86; x86_64,available,1.0.1,2024-04-25,Qingdao Richmat Intelligence Technology Inc,https://play.google.com/store/apps/details?id=com.richmat.blvd_home&hl=en&gl=us,{},available,1.0.1,2,2025-09-30,arm64-v8a; armeabi-v7a; x86; x86_64,https://apkpure.com/blvd-home/com.richmat.blvd_home,1.0.1,2,2025-09-30,arm64-v8a; armeabi-v7a; x86; x86_64,APKPure,matched,current,,2026-07-14
com.richmat.bobpowerbase,Power Bob Base,1.0.1,10100,arm64-v8a,available,1.0.9,2026-02-24,Qingdao Richmat Intelligence Technology Inc,https://play.google.com/store/apps/details?id=com.richmat.bobpowerbase&hl=en&gl=us,{},removed,,,,,,1.0.9,,2026-02-24,,Google Play,google_play_only,unverifiable,"Google Play version differs, but Play does not expose versionCode",2026-07-14
com.richmat.casperbase,Casper Base,1.0.8,10800,arm64-v8a,available,1.0.8,2025-08-07,Qingdao Richmat Intelligence Technology Inc,https://play.google.com/store/apps/details?id=com.richmat.casperbase&hl=en&gl=us,{},available,1.0.8,10800,2025-09-11,arm64-v8a; armeabi-v7a,https://apkpure.com/dreamsense-bed/com.richmat.casperbase,1.0.8,10800,2025-09-11,arm64-v8a; armeabi-v7a,APKPure,matched,current,,2026-07-14
com.richmat.coastersleep,CoasterSleep,1.0.10,10,,available,1.0.10,2024-10-23,Qingdao Richmat Intelligence Technology Inc,https://play.google.com/store/apps/details?id=com.richmat.coastersleep&hl=en&gl=us,{},available,1.0.10,10,2024-11-15,universal,https://apkpure.com/coaster-sleep/com.richmat.coastersleep,1.0.10,10,2024-11-15,universal,APKPure,matched,current,,2026-07-14
com.richmat.dreamlab2,Dreamlab Control,5.1.8,14,arm64-v8a; armeabi-v7a; x86; x86_64,available,5.1.8,2023-07-10,Qingdao Richmat Intelligence Technology Inc,https://play.google.com/store/apps/details?id=com.richmat.dreamlab2&hl=en&gl=us,{},available,5.1.8,14,2023-08-11,arm64-v8a; armeabi-v7a; x86; x86_64,https://apkpure.com/dreamlab-control/com.richmat.dreamlab2,5.1.8,14,2023-08-11,arm64-v8a; armeabi-v7a; x86; x86_64,APKPure,matched,current,,2026-07-14
com.richmat.dynasty,Dynasty DM9000,1.0.4,5,arm64-v8a,available,1.0.4,2023-07-10,Qingdao Richmat Intelligence Technology Inc,https://play.google.com/store/apps/details?id=com.richmat.dynasty&hl=en&gl=us,{},available,1.0.4,5,2023-09-07,arm64-v8a; armeabi-v7a,https://apkpure.com/dynasty-dm9000/com.richmat.dynasty,1.0.4,5,2023-09-07,arm64-v8a; armeabi-v7a,APKPure,matched,current,,2026-07-14
com.richmat.easyrest,Easy Rest,1.1.1,3,arm64-v8a,not_found,,,,,"{""au"": ""not_found"", ""ca"": ""not_found"", ""de"": ""not_found"", ""gb"": ""not_found"", ""jp"": ""not_found"", ""no"": ""not_found"", ""us"": ""not_found""}",available,1.1.1,3,2026-03-16,arm64-v8a; x86,https://apkpure.com/easy-rest/com.richmat.easyrest,1.1.1,3,2026-03-16,arm64-v8a; x86,APKPure,apkpure_only,current,,2026-07-14
com.richmat.enso2,ENSO Sleep Control,1.0.7,8,armeabi-v7a,available,1.0.7,2023-07-10,Qingdao Richmat Intelligence Technology Inc,https://play.google.com/store/apps/details?id=com.richmat.enso2&hl=en&gl=us,{},available,1.0.7,8,2023-08-05,arm64-v8a; armeabi-v7a,https://apkpure.com/enso-sleep-control/com.richmat.enso2,1.0.7,8,2023-08-05,arm64-v8a; armeabi-v7a,APKPure,matched,current,,2026-07-14
com.richmat.eshinesleep,Eshine,1.0.0,10001,armeabi-v7a,available,1.0.1,2026-01-05,Qingdao Richmat Intelligence Technology Inc,https://play.google.com/store/apps/details?id=com.richmat.eshinesleep&hl=en&gl=us,{},removed,,,,,,1.0.1,,2026-01-05,,Google Play,google_play_only,unverifiable,"Google Play version differs, but Play does not expose versionCode",2026-07-14
com.richmat.fortywinks,Forty Winks,1.0.1,2,,available,1.0.1,2024-11-21,Qingdao Richmat Intelligence Technology Inc,https://play.google.com/store/apps/details?id=com.richmat.fortywinks&hl=en&gl=us,{},available,1.0.1,2,2025-08-17,universal,https://apkpure.com/forty-winks-activflex/com.richmat.fortywinks,1.0.1,2,2025-08-17,universal,APKPure,matched,current,,2026-07-14
com.richmat.garvee,Garvee,1.0.2,10200,arm64-v8a,not_found,,,,,"{""au"": ""not_found"", ""ca"": ""not_found"", ""de"": ""not_found"", ""gb"": ""not_found"", ""jp"": ""not_found"", ""no"": ""not_found"", ""us"": ""not_found""}",available,1.0.2,10200,2025-08-29,arm64-v8a,https://apkpure.com/garvee/com.richmat.garvee,1.0.2,10200,2025-08-29,arm64-v8a,APKPure,apkpure_only,current,,2026-07-14
com.richmat.goodvibesleep,Good Vibe Sleep,2.0.0,20000,arm64-v8a,available,2.0.0,2025-08-08,Qingdao Richmat Intelligence Technology Inc,https://play.google.com/store/apps/details?id=com.richmat.goodvibesleep&hl=en&gl=us,{},available,2.0.0,20000,2025-10-01,arm64-v8a,https://apkpure.com/good-vibe-sleep/com.richmat.goodvibesleep,2.0.0,20000,2025-10-01,arm64-v8a,APKPure,matched,current,,2026-07-14
com.richmat.harmony,HARMONY,1.0.0,1,arm64-v8a; armeabi-v7a; x86; x86_64,available,1.0.0,2024-02-20,Qingdao Richmat Intelligence Technology Inc,https://play.google.com/store/apps/details?id=com.richmat.harmony&hl=en&gl=us,{},available,1.0.0,1,2025-08-25,arm64-v8a; armeabi-v7a; x86; x86_64,https://apkpure.com/harmony/com.richmat.harmony,1.0.0,1,2025-08-25,arm64-v8a; armeabi-v7a; x86; x86_64,APKPure,matched,current,,2026-07-14
com.richmat.hjbed,HJBed,2.0.8,20800,arm64-v8a,available,2.0.9,2025-12-15,Qingdao Richmat Intelligence Technology Inc,https://play.google.com/store/apps/details?id=com.richmat.hjbed&hl=en&gl=us,{},available,2.0.8,20800,2025-09-22,arm64-v8a,https://apkpure.com/hjbed/com.richmat.hjbed,2.0.9,,2025-12-15,,Google Play (APKPure mismatch),version_mismatch,unverifiable,Google Play reports 2.0.9; APKPure reports 2.0.8,2026-07-14
com.richmat.hushbase,Hush Base,1.0.4,10400,arm64-v8a,available,1.0.5,2026-03-18,Qingdao Richmat Intelligence Technology Inc,https://play.google.com/store/apps/details?id=com.richmat.hushbase&hl=en&gl=us,{},removed,,,,,,1.0.5,,2026-03-18,,Google Play,google_play_only,unverifiable,"Google Play version differs, but Play does not expose versionCode",2026-07-14
com.richmat.idealbed,Idealbed,2.4.2,17,,available,2.4.2,2023-09-21,Qingdao Richmat Intelligence Technology Inc,https://play.google.com/store/apps/details?id=com.richmat.idealbed&hl=en&gl=us,{},available,2.4.2,17,2025-04-05,universal,https://apkpure.com/idealbed/com.richmat.idealbed,2.4.2,17,2025-04-05,universal,APKPure,matched,current,,2026-07-14
com.richmat.innova2,Innova Control,1.1.0,10,arm64-v8a,available,1.1.0,2023-07-10,Qingdao Richmat Intelligence Technology Inc,https://play.google.com/store/apps/details?id=com.richmat.innova2&hl=en&gl=us,{},available,1.1.0,10,2023-09-10,arm64-v8a; armeabi-v7a,https://apkpure.com/innovacontrol/com.richmat.innova2,1.1.0,10,2023-09-10,arm64-v8a; armeabi-v7a,APKPure,matched,current,,2026-07-14
com.richmat.jerome2,Jerome's power base,1.0.9,15,arm64-v8a,available,1.0.9,2023-05-31,Qingdao Richmat Intelligence Technology Inc,https://play.google.com/store/apps/details?id=com.richmat.jerome2&hl=en&gl=us,{},available,1.0.9,15,2023-06-10,arm64-v8a; armeabi-v7a,https://apkpure.com/jerome%E2%80%99s-power-base/com.richmat.jerome2,1.0.9,15,2023-06-10,arm64-v8a; armeabi-v7a,APKPure,matched,current,,2026-07-14
com.richmat.jeromesadjustablebase,Jerome’s Adjustable Base,1.0.0,10001,arm64-v8a,available,1.0.3,2026-02-24,Qingdao Richmat Intelligence Technology Inc,https://play.google.com/store/apps/details?id=com.richmat.jeromesadjustablebase&hl=en&gl=us,{},removed,,,,,,1.0.3,,2026-02-24,,Google Play,google_play_only,unverifiable,"Google Play version differs, but Play does not expose versionCode",2026-07-14
com.richmat.lady_americana,Lady Americana,1.0.2,3,arm64-v8a; armeabi-v7a; x86; x86_64,not_found,,,,,"{""au"": ""not_found"", ""ca"": ""not_found"", ""de"": ""not_found"", ""gb"": ""not_found"", ""jp"": ""not_found"", ""no"": ""not_found"", ""us"": ""not_found""}",available,1.0.2,3,2021-02-26,arm64-v8a; armeabi-v7a; x86; x86_64,https://apkpure.com/lady-americana/com.richmat.lady_americana,1.0.2,3,2021-02-26,arm64-v8a; armeabi-v7a; x86; x86_64,APKPure,apkpure_only,current,,2026-07-14
com.richmat.likomio,Likimio,1.0.2,10201,arm64-v8a,available,1.0.2,2025-08-07,Qingdao Richmat Intelligence Technology Inc,https://play.google.com/store/apps/details?id=com.richmat.likomio&hl=en&gl=us,{},available,1.0.2,10201,2025-08-29,arm64-v8a,https://apkpure.com/likimio/com.richmat.likomio,1.0.2,10201,2025-08-29,arm64-v8a,APKPure,matched,current,,2026-07-14
com.richmat.lp,LP Adjustable Base ,2.2.1,13,armeabi; armeabi-v7a; mips,not_found,,,,,"{""au"": ""not_found"", ""ca"": ""not_found"", ""de"": ""not_found"", ""gb"": ""not_found"", ""jp"": ""not_found"", ""no"": ""not_found"", ""us"": ""not_found""}",available,2.2.1,13,2019-06-09,armeabi; armeabi-v7a; mips,https://apkpure.com/l-p-adjustable-base/com.richmat.lp,2.2.1,13,2019-06-09,armeabi; armeabi-v7a; mips,APKPure,apkpure_only,current,,2026-07-14
com.richmat.lp2,L&P Adjustable Base,2.3.25,46,arm64-v8a,available,2.3.25,2023-07-10,Qingdao Richmat Intelligence Technology Inc,https://play.google.com/store/apps/details?id=com.richmat.lp2&hl=en&gl=us,{},available,2.3.25,46,2023-07-30,arm64-v8a; armeabi-v7a,https://apkpure.com/l-p-adjustable-base/com.richmat.lp2,2.3.25,46,2023-07-30,arm64-v8a; armeabi-v7a,APKPure,matched,current,,2026-07-14
com.richmat.luniosmart,Lunio Smart+,1.0.3,10301,arm64-v8a,available,1.0.4,2026-04-10,Qingdao Richmat Intelligence Technology Inc,https://play.google.com/store/apps/details?id=com.richmat.luniosmart&hl=en&gl=us,{},available,1.0.3,10301,2025-10-05,arm64-v8a,https://apkpure.com/lunio-smart/com.richmat.luniosmart,1.0.4,,2026-04-10,,Google Play (APKPure mismatch),version_mismatch,unverifiable,Google Play reports 1.0.4; APKPure reports 1.0.3,2026-07-14
com.richmat.luuna,Luuna +,2.0.1,20102,arm64-v8a,available,2.0.1,2025-09-19,Qingdao Richmat Intelligence Technology Inc,https://play.google.com/store/apps/details?id=com.richmat.luuna&hl=en&gl=us,{},available,2.0.1,20102,2025-10-24,arm64-v8a; armeabi-v7a,https://apkpure.com/luuna/com.richmat.luuna,2.0.1,20102,2025-10-24,arm64-v8a; armeabi-v7a,APKPure,matched,current,,2026-07-14
com.richmat.luunarise2,Luuna Rise,1.0.13,21,,available,1.0.13,2023-11-07,Qingdao Richmat Intelligence Technology Inc,https://play.google.com/store/apps/details?id=com.richmat.luunarise2&hl=en&gl=us,{},available,1.0.13,21,2023-12-27,universal,https://apkpure.com/luuna-rise/com.richmat.luunarise2,1.0.13,21,2023-12-27,universal,APKPure,matched,current,,2026-07-14
com.richmat.majestichome,Majestic Home,1.0.1,10100,arm64-v8a,available,1.0.4,2026-01-12,Qingdao Richmat Intelligence Technology Inc,https://play.google.com/store/apps/details?id=com.richmat.majestichome&hl=en&gl=us,{},removed,,,,,,1.0.4,,2026-01-12,,Google Play,google_play_only,unverifiable,"Google Play version differs, but Play does not expose versionCode",2026-07-14
com.richmat.maxprime,Maxprime,1.0.7,11,arm64-v8a; armeabi-v7a; x86; x86_64,available,1.0.7,2023-07-10,Qingdao Richmat Intelligence Technology Inc,https://play.google.com/store/apps/details?id=com.richmat.maxprime&hl=en&gl=us,{},available,1.0.7,11,2023-07-10,arm64-v8a; armeabi-v7a; x86; x86_64,https://apkpure.com/maxprime/com.richmat.maxprime,1.0.7,11,2023-07-10,arm64-v8a; armeabi-v7a; x86; x86_64,APKPure,matched,current,,2026-07-14
com.richmat.milemont,Milemont,1.0.4,5,,available,1.0.4,2024-07-19,Qingdao Richmat Intelligence Technology Inc,https://play.google.com/store/apps/details?id=com.richmat.milemont&hl=en&gl=us,{},available,1.0.4,5,2025-10-05,universal,https://apkpure.com/milemont-bed-control/com.richmat.milemont,1.0.4,5,2025-10-05,universal,APKPure,matched,current,,2026-07-14
com.richmat.mily,眯狸0压床,1.0.3,4,arm64-v8a; armeabi-v7a; x86; x86_64,available,1.0.3,2023-07-11,Qingdao Richmat Intelligence Technology Inc,https://play.google.com/store/apps/details?id=com.richmat.mily&hl=en&gl=us,{},available,1.0.3,4,2026-05-14,arm64-v8a; armeabi-v7a; x86; x86_64,https://apkpure.com/%E7%9C%AF%E7%8B%B80%E5%8E%8B%E5%BA%8A/com.richmat.mily,1.0.3,4,2026-05-14,arm64-v8a; armeabi-v7a; x86; x86_64,APKPure,matched,current,,2026-07-14
com.richmat.mlily0,梦百合0压智能床,3.1.1,31100,arm64-v8a,available,3.1.1,2025-09-17,Qingdao Richmat Intelligence Technology Inc,https://play.google.com/store/apps/details?id=com.richmat.mlily0&hl=en&gl=us,{},available,3.1.1,31100,2025-10-10,arm64-v8a; armeabi-v7a,https://apkpure.com/%E6%A2%A6%E7%99%BE%E5%90%880%E5%8E%8B%E6%99%BA%E8%83%BD%E5%BA%8A/com.richmat.mlily0,3.1.1,31100,2025-10-10,arm64-v8a; armeabi-v7a,APKPure,matched,current,,2026-07-14
com.richmat.mlily2,MLILY Control,1.0.19,20,,available,5.0.2,2025-12-25,Qingdao Richmat Intelligence Technology Inc,https://play.google.com/store/apps/details?id=com.richmat.mlily2&hl=en&gl=us,{},available,1.0.19,20,2025-10-28,universal,https://apkpure.com/mlily-control/com.richmat.mlily2,5.0.2,,2025-12-25,,Google Play (APKPure mismatch),version_mismatch,unverifiable,Google Play reports 5.0.2; APKPure reports 1.0.19,2026-07-14
com.richmat.mlily_supreme,Mlily Supreme,1.3.1,5,arm64-v8a; armeabi-v7a; x86; x86_64,available,1.3.1,2023-07-24,Qingdao Richmat Intelligence Technology Inc,https://play.google.com/store/apps/details?id=com.richmat.mlily_supreme&hl=en&gl=us,{},available,1.3.1,5,2024-03-04,arm64-v8a; armeabi-v7a; x86; x86_64,https://apkpure.com/mlily-supreme/com.richmat.mlily_supreme,1.3.1,5,2024-03-04,arm64-v8a; armeabi-v7a; x86; x86_64,APKPure,matched,current,,2026-07-14
com.richmat.mlilyremote,MLILY Remote,1.0.1,10103,arm64-v8a,available,1.0.1,2025-09-29,Qingdao Richmat Intelligence Technology Inc,https://play.google.com/store/apps/details?id=com.richmat.mlilyremote&hl=en&gl=us,{},removed,,,,,,1.0.1,,2025-09-29,,Google Play,google_play_only,current,APKPure has no current listing,2026-07-14
com.richmat.muuegm,MUUEGM,1.0.2,10200,armeabi-v7a,available,1.0.2,2025-09-03,Qingdao Richmat Intelligence Technology Inc,https://play.google.com/store/apps/details?id=com.richmat.muuegm&hl=en&gl=us,{},removed,,,,,,1.0.2,,2025-09-03,,Google Play,google_play_only,current,APKPure has no current listing,2026-07-14
com.richmat.myside,My Side,1.0.5,10500,arm64-v8a,available,1.0.5,2025-12-24,Qingdao Richmat Intelligence Technology Inc,https://play.google.com/store/apps/details?id=com.richmat.myside&hl=en&gl=us,{},removed,,,,,,1.0.5,,2025-12-24,,Google Play,google_play_only,current,APKPure has no current listing,2026-07-14
com.richmat.nisco,Nisco,1.1.1,3,arm64-v8a; armeabi-v7a; x86; x86_64,not_found,,,,,"{""au"": ""not_found"", ""ca"": ""not_found"", ""de"": ""not_found"", ""gb"": ""not_found"", ""jp"": ""not_found"", ""no"": ""not_found"", ""us"": ""not_found""}",available,1.1.1,3,2024-03-17,arm64-v8a; armeabi-v7a; x86; x86_64,https://apkpure.com/nisco/com.richmat.nisco,1.1.1,3,2024-03-17,arm64-v8a; armeabi-v7a; x86; x86_64,APKPure,apkpure_only,current,,2026-07-14
com.richmat.nu503,SleepEvolution,3.5.5,13,,not_found,,,,,"{""au"": ""not_found"", ""ca"": ""not_found"", ""de"": ""not_found"", ""gb"": ""not_found"", ""jp"": ""not_found"", ""no"": ""not_found"", ""us"": ""not_found""}",available,3.5.5,13,2019-10-20,universal,https://apkpure.com/sleepevolution/com.richmat.nu503,3.5.5,13,2019-10-20,universal,APKPure,apkpure_only,current,,2026-07-14
com.richmat.okimiki,okimiki,1.0.0,10002,arm64-v8a,available,1.0.1,2025-11-12,Qingdao Richmat Intelligence Technology Inc,https://play.google.com/store/apps/details?id=com.richmat.okimiki&hl=en&gl=us,{},removed,,,,,,1.0.1,,2025-11-12,,Google Play,google_play_only,unverifiable,"Google Play version differs, but Play does not expose versionCode",2026-07-14
com.richmat.powercool,Power Cool Sleep System,1.0.8,9,,available,1.0.8,2023-09-28,Qingdao Richmat Intelligence Technology Inc,https://play.google.com/store/apps/details?id=com.richmat.powercool&hl=en&gl=us,{},available,1.0.8,9,2023-10-06,universal,https://apkpure.com/power-cool-sleep-system/com.richmat.powercool,1.0.8,9,2023-10-06,universal,APKPure,matched,current,,2026-07-14
com.richmat.purely_sleep,Purely Sleep,1.1.5,7,arm64-v8a,available,2.0.1,2026-07-14,Qingdao Richmat Intelligence Technology Inc,https://play.google.com/store/apps/details?id=com.richmat.purely_sleep&hl=en&gl=us,{},available,1.1.5,7,2024-12-24,arm64-v8a,https://apkpure.com/purely-sleep/com.richmat.purely_sleep,2.0.1,,2026-07-14,,Google Play (APKPure mismatch),version_mismatch,unverifiable,Google Play reports 2.0.1; APKPure reports 1.1.5,2026-07-14
com.richmat.remedy,Home Zone Adjustable,1.0.1,2,arm64-v8a; armeabi-v7a; x86; x86_64,available,1.0.3,2023-07-10,Qingdao Richmat Intelligence Technology Inc,https://play.google.com/store/apps/details?id=com.richmat.remedy&hl=en&gl=us,{},available,1.0.1,2,2021-03-05,arm64-v8a; armeabi-v7a; x86; x86_64,https://apkpure.com/home-zone-adjustable/com.richmat.remedy,1.0.3,,2023-07-10,,Google Play (APKPure mismatch),version_mismatch,unverifiable,Google Play reports 1.0.3; APKPure reports 1.0.1,2026-07-14
com.richmat.revive3,Revive Control,1.0.26,27,arm64-v8a; armeabi-v7a; x86; x86_64,available,1.0.26,2024-02-21,Qingdao Richmat Intelligence Technology Inc,https://play.google.com/store/apps/details?id=com.richmat.revive3&hl=en&gl=us,{},available,1.0.26,27,2024-04-28,arm64-v8a; armeabi-v7a; x86; x86_64,https://apkpure.com/revive-control/com.richmat.revive3,1.0.26,27,2024-04-28,arm64-v8a; armeabi-v7a; x86; x86_64,APKPure,matched,current,,2026-07-14
com.richmat.richmat,Richmat,4.0.2,40204,arm64-v8a,available,4.2.0,2026-03-14,Qingdao Richmat Intelligence Technology Inc,https://play.google.com/store/apps/details?id=com.richmat.richmat&hl=en&gl=us,{},available,4.2.0,42006,2026-05-18,armeabi-v7a,https://apkpure.com/richmat/com.richmat.richmat,4.2.0,42006,2026-05-18,armeabi-v7a,APKPure,matched,outdated,,2026-07-14
com.richmat.rmcontrol2,RMControl,21.3.2,213203,arm64-v8a,available,21.3.7,2026-05-23,Qingdao Richmat Intelligence Technology Inc,https://play.google.com/store/apps/details?id=com.richmat.rmcontrol2&hl=en&gl=us,{},available,21.3.7,213700,2026-07-05,arm64-v8a; armeabi-v7a,https://apkpure.com/rmcontrol/com.richmat.rmcontrol2,21.3.7,213700,2026-07-05,arm64-v8a; armeabi-v7a,APKPure,matched,outdated,,2026-07-14
com.richmat.ronco_motion,RONCO MOTION,1.2,3,arm64-v8a; armeabi; armeabi-v7a; mips; mips64; x86; x86_64,available,1.2,2024-05-22,Qingdao Richmat Intelligence Technology Inc,https://play.google.com/store/apps/details?id=com.richmat.ronco_motion&hl=en&gl=us,{},available,1.2,3,2026-02-17,arm64-v8a; armeabi; armeabi-v7a; mips; mips64; x86; x86_64,https://apkpure.com/ronco-motion/com.richmat.ronco_motion,1.2,3,2026-02-17,arm64-v8a; armeabi; armeabi-v7a; mips; mips64; x86; x86_64,APKPure,matched,current,,2026-07-14
com.richmat.silksnow,S&S Base,1.0.3,10301,arm64-v8a,available,1.0.3,2025-08-07,Qingdao Richmat Intelligence Technology Inc,https://play.google.com/store/apps/details?id=com.richmat.silksnow&hl=en&gl=us,{},available,1.0.3,10301,2025-10-11,arm64-v8a; armeabi-v7a,https://apkpure.com/s-s-base/com.richmat.silksnow,1.0.3,10301,2025-10-11,arm64-v8a; armeabi-v7a,APKPure,matched,current,,2026-07-14
com.richmat.silver,W.Silver Products,3.3.7,9,,not_found,,,,,"{""au"": ""not_found"", ""ca"": ""not_found"", ""de"": ""not_found"", ""gb"": ""not_found"", ""jp"": ""not_found"", ""no"": ""not_found"", ""us"": ""not_found""}",available,3.3.7,9,2022-10-11,universal,https://apkpure.com/w-silver-products/com.richmat.silver,3.3.7,9,2022-10-11,universal,APKPure,apkpure_only,current,,2026-07-14
com.richmat.sleepfunction,SleepFunction Bed Control,1.3.0,23,arm64-v8a; armeabi-v7a; x86; x86_64,available,1.3.0,2023-07-10,Qingdao Richmat Intelligence Technology Inc,https://play.google.com/store/apps/details?id=com.richmat.sleepfunction&hl=en&gl=us,{},available,1.3.0,23,,arm64-v8a; armeabi-v7a; x86; x86_64,https://apkpure.com/sleepfunction-bed-control/com.richmat.sleepfunction,1.3.0,23,,arm64-v8a; armeabi-v7a; x86; x86_64,APKPure,matched,current,,2026-07-14
com.richmat.sonicsleep,소닉슬립,1.0.4,10400,arm64-v8a,available,1.0.4,2025-08-22,Qingdao Richmat Intelligence Technology Inc,https://play.google.com/store/apps/details?id=com.richmat.sonicsleep&hl=en&gl=us,{},available,1.0.4,10400,2026-06-03,arm64-v8a,https://apkpure.com/%EC%86%8C%EB%8B%89%EC%8A%AC%EB%A6%BD/com.richmat.sonicsleep,1.0.4,10400,2026-06-03,arm64-v8a,APKPure,matched,current,,2026-07-14
com.richmat.sta2,STA Homecare,1.0.5,6,arm64-v8a; armeabi-v7a; x86; x86_64,not_found,,,,,"{""au"": ""not_found"", ""ca"": ""not_found"", ""de"": ""not_found"", ""gb"": ""not_found"", ""jp"": ""not_found"", ""no"": ""not_found"", ""us"": ""not_found""}",available,1.0.5,6,2021-02-28,arm64-v8a; armeabi-v7a; x86; x86_64,https://apkpure.com/%E6%99%BA%E8%83%BD%E7%85%A7%E6%8A%A4/com.richmat.sta2,1.0.5,6,2021-02-28,arm64-v8a; armeabi-v7a; x86; x86_64,APKPure,apkpure_only,current,,2026-07-14
com.richmat.superior,Superior,1.0.9,10,,available,1.0.9,2024-11-22,Qingdao Richmat Intelligence Technology Inc,https://play.google.com/store/apps/details?id=com.richmat.superior&hl=en&gl=us,{},available,1.0.9,10,2026-06-10,universal,https://apkpure.com/superior-lifestyle/com.richmat.superior,1.0.9,10,2026-06-10,universal,APKPure,matched,current,,2026-07-14
com.richmat.svenson,SVEN & SON,2.0.1,32,arm64-v8a; armeabi-v7a; x86; x86_64,available,2.0.1,2023-08-19,Qingdao Richmat Intelligence Technology Inc,https://play.google.com/store/apps/details?id=com.richmat.svenson&hl=en&gl=us,{},available,2.0.1,32,2023-09-22,arm64-v8a; armeabi-v7a; x86; x86_64,https://apkpure.com/sven-son/com.richmat.svenson,2.0.1,32,2023-09-22,arm64-v8a; armeabi-v7a; x86; x86_64,APKPure,matched,current,,2026-07-14
com.richmat.thrivesleep,Thrive Sleep,1.0.1,10100,armeabi-v7a,available,1.0.9,2026-06-18,Qingdao Richmat Intelligence Technology Inc,https://play.google.com/store/apps/details?id=com.richmat.thrivesleep&hl=en&gl=us,{},available,1.0.1,10100,2026-04-14,armeabi-v7a,https://apkpure.com/thrive-sleep/com.richmat.thrivesleep,1.0.9,,2026-06-18,,Google Play (APKPure mismatch),version_mismatch,unverifiable,Google Play reports 1.0.9; APKPure reports 1.0.1,2026-07-14
com.richmat.tx,TX,1.0.0,1,arm64-v8a,available,1.0.0,2024-10-20,Qingdao Richmat Intelligence Technology Inc,https://play.google.com/store/apps/details?id=com.richmat.tx&hl=en&gl=us,{},removed,,,,,,1.0.0,,2024-10-20,,Google Play,google_play_only,current,APKPure has no current listing,2026-07-14
com.richmat.wsilver2,W.Silver Products,1.1.19,40,arm64-v8a,available,1.1.19,2024-12-07,Qingdao Richmat Intelligence Technology Inc,https://play.google.com/store/apps/details?id=com.richmat.wsilver2&hl=en&gl=us,{},available,1.1.19,40,,arm64-v8a; armeabi-v7a,https://apkpure.com/w-silver-products/com.richmat.wsilver2,1.1.19,40,,arm64-v8a; armeabi-v7a,APKPure,matched,current,,2026-07-14
com.richmat.zerogravity,Zero Gravity,1.0.3,4,arm64-v8a; armeabi-v7a; x86; x86_64,not_found,,,,,"{""au"": ""not_found"", ""ca"": ""not_found"", ""de"": ""not_found"", ""gb"": ""not_found"", ""jp"": ""not_found"", ""no"": ""not_found"", ""us"": ""not_found""}",available,1.0.3,4,2021-09-27,arm64-v8a; armeabi-v7a; x86; x86_64,https://apkpure.com/zero-gravity/com.richmat.zerogravity,1.0.3,4,2021-09-27,arm64-v8a; armeabi-v7a; x86; x86_64,APKPure,apkpure_only,current,,2026-07-14
com.sbi.costco,Q-Plus Adjustable Remote,1.8,13,,available,1.8,2024-06-25,South Bay International,https://play.google.com/store/apps/details?id=com.sbi.costco&hl=en&gl=us,{},available,1.8,13,2024-08-04,universal,https://apkpure.com/q-plus-adjustable-remote/com.sbi.costco,1.8,13,2024-08-04,universal,APKPure,matched,current,,2026-07-14
com.sbi.laylawf,Layla Adjustable Base Remote,1.1.2,13,arm64-v8a; armeabi; armeabi-v7a; x86; x86_64,available,1.1.5,2025-11-19,Layla Sleep,https://play.google.com/store/apps/details?id=com.sbi.laylawf&hl=en&gl=us,{},available,1.1.2,13,2024-07-18,arm64-v8a; armeabi; armeabi-v7a; x86; x86_64,https://apkpure.com/layla-adjustable-base-remote/com.sbi.laylawf,1.1.5,,2025-11-19,,Google Play (APKPure mismatch),version_mismatch,unverifiable,Google Play reports 1.1.5; APKPure reports 1.1.2,2026-07-14
com.selectcomfort.SleepIQ,Sleep Number,5.3.32,1770980846,arm64-v8a; armeabi-v7a; x86; x86_64,available,5.4,2026-04-07,Sleep Number Corporation,https://play.google.com/store/apps/details?id=com.selectcomfort.SleepIQ&hl=en&gl=us,{},removed,,,,,,5.4,,2026-04-07,,Google Play,google_play_only,unverifiable,"Google Play version differs, but Play does not expose versionCode",2026-07-14
com.sfd.Omazz,Omazz Adjusto III,1.0.3,11,arm64-v8a; armeabi; armeabi-v7a; x86; x86_64,available,1.0.5,2024-03-15,Ergomotion,https://play.google.com/store/apps/details?id=com.sfd.Omazz&hl=en&gl=us,{},available,1.0.3,11,2022-04-21,arm64-v8a; armeabi; armeabi-v7a; x86; x86_64,https://apkpure.com/omazz-adjusto-iii/com.sfd.Omazz,1.0.5,,2024-03-15,,Google Play (APKPure mismatch),version_mismatch,unverifiable,Google Play reports 1.0.5; APKPure reports 1.0.3,2026-07-14
com.sfd.ergomotion,Ergomotion,1.6.4,29,arm64-v8a; armeabi-v7a; x86; x86_64,available,1.6.4,2025-10-08,Ergomotion,https://play.google.com/store/apps/details?id=com.sfd.ergomotion&hl=en&gl=us,{},available,1.6.4,29,2025-11-30,arm64-v8a; armeabi-v7a; x86; x86_64,https://apkpure.com/ergomotion/com.sfd.ergomotion,1.6.4,29,2025-11-30,arm64-v8a; armeabi-v7a; x86; x86_64,APKPure,matched,current,,2026-07-14
com.sfd.hump,Ergomotion 4.0,3.3,59,arm64-v8a; armeabi-v7a; x86; x86_64,available,3.3,2025-10-24,Ergomotion,https://play.google.com/store/apps/details?id=com.sfd.hump&hl=en&gl=us,{},available,3.3,59,2025-12-04,arm64-v8a; armeabi-v7a; x86; x86_64,https://apkpure.com/ergomotion-4-0/com.sfd.hump,3.3,59,2025-12-04,arm64-v8a; armeabi-v7a; x86; x86_64,APKPure,matched,current,,2026-07-14
com.sfd.kingkoilbed,King Koil Bed,1.0,1,arm64-v8a,available,1.0,2025-04-16,Ergomotion,https://play.google.com/store/apps/details?id=com.sfd.kingkoilbed&hl=en&gl=us,{},available,1.0,1,2025-04-17,arm64-v8a,https://apkpure.com/king-koil-bed/com.sfd.kingkoilbed,1.0,1,2025-04-17,arm64-v8a,APKPure,matched,current,,2026-07-14
com.sfd.mm,Member's Mark Base Remote,1.0.9,21,arm64-v8a; armeabi; armeabi-v7a; x86; x86_64,available,1.0.9,2024-03-20,South Bay International,https://play.google.com/store/apps/details?id=com.sfd.mm&hl=en&gl=us,{},available,1.0.9,21,2024-03-26,arm64-v8a; armeabi; armeabi-v7a; x86; x86_64,https://apkpure.com/member-s-mark-base-remote/com.sfd.mm,1.0.9,21,2024-03-26,arm64-v8a; armeabi; armeabi-v7a; x86; x86_64,APKPure,matched,current,,2026-07-14
com.sfd.rondure_hump,1500 Tilt Base Remote,1.1.3,29,arm64-v8a; armeabi-v7a; x86; x86_64,available,1.2.0,2026-03-23,South Bay International,https://play.google.com/store/apps/details?id=com.sfd.rondure_hump&hl=en&gl=us,{},available,1.2.0,30,2026-04-17,arm64-v8a; armeabi-v7a,https://apkpure.com/1500-tilt-base-remote/com.sfd.rondure_hump,1.2.0,30,2026-04-17,arm64-v8a; armeabi-v7a,APKPure,matched,outdated,,2026-07-14
com.sfd.row,Tempur Zero G Bed Base,1.9,11,arm64-v8a; armeabi-v7a; x86; x86_64,available,1.9,2024-08-23,Ergomotion,https://play.google.com/store/apps/details?id=com.sfd.row&hl=en&gl=us,{},available,1.9,11,2025-09-26,arm64-v8a; armeabi-v7a; x86; x86_64,https://apkpure.com/tempur-zero-g-bed-base/com.sfd.row,1.9,11,2025-09-26,arm64-v8a; armeabi-v7a; x86; x86_64,APKPure,matched,current,,2026-07-14
com.shuta.smart_home,SUTA,3.15.0,75,,available,3.20.0,2026-04-13,"Suta (Xiamen) Smart Technology Co., Ltd",https://play.google.com/store/apps/details?id=com.shuta.smart_home&hl=en&gl=us,{},available,3.20.0,80,2026-06-22,universal,https://apkpure.com/shu-ta-zhi-neng/com.shuta.smart_home,3.20.0,80,2026-06-22,universal,APKPure,matched,outdated,,2026-07-14
com.sn.blackdianqi,Motion Bed,1.24,34,,available,1.24,2025-10-30,"ZHEJIANG TRI MIX TECHNOLOGY CO.,LTD.",https://play.google.com/store/apps/details?id=com.sn.blackdianqi&hl=en&gl=us,{},available,1.24,34,2025-10-31,universal,https://apkpure.com/motion-bed/com.sn.blackdianqi,1.24,34,2025-10-31,universal,APKPure,matched,current,,2026-07-14
com.sn.woosa,Woosa Sleep,1.1.6,10,,available,1.1.9,2026-03-23,"ZHEJIANG TRI MIX TECHNOLOGY CO.,LTD.",https://play.google.com/store/apps/details?id=com.sn.woosa&hl=en&gl=us,{},unavailable,,,2023-03-08,,https://apkpure.com/woosa-sleep/com.sn.woosa,1.1.9,,2026-03-23,,Google Play,google_play_only,unverifiable,"Google Play version differs, but Play does not expose versionCode",2026-07-14
com.starcode.adjustablem1x12,AdjustableM1X12,1.1.3,6,arm64-v8a,available,1.1.3,2025-09-30,star_seeds,https://play.google.com/store/apps/details?id=com.starcode.adjustablem1x12&hl=en&gl=us,{},removed,,,,,,1.1.3,,2025-09-30,,Google Play,google_play_only,current,APKPure has no current listing,2026-07-14
com.svane.svaneremote,Svane Remote,Version 1.8,8,,not_found,,,,,"{""au"": ""not_found"", ""ca"": ""not_found"", ""de"": ""not_found"", ""gb"": ""not_found"", ""jp"": ""not_found"", ""no"": ""not_found"", ""us"": ""not_found""}",available,Version 1.8,8,2019-10-20,universal,https://apkpure.com/svane-%C2%AE-remote/com.svane.svaneremote,Version 1.8,8,2019-10-20,universal,APKPure,apkpure_only,current,,2026-07-14
com.synargy.okin,Smart Comfort by SYNARGY,1.0.9,11,,region_restricted,,,DewertOkin Technology,https://play.google.com/store/apps/details?id=com.synargy.okin&hl=en&gl=us,"{""au"": ""available"", ""ca"": ""not_in_region"", ""de"": ""not_in_region"", ""gb"": ""not_in_region"", ""jp"": ""not_in_region"", ""no"": ""not_in_region"", ""us"": ""not_in_region""}",available,1.1.0,12,2026-03-14,universal,https://apkpure.com/smart-comfort-by-synargy/com.synargy.okin,1.1.0,12,2026-03-14,universal,APKPure,apkpure_only,outdated,,2026-07-14
com.synergy.okin,Smart Comfort by Synergy,2.2.0,16,,available,2.2.0,2023-03-31,DewertOkin Technology,https://play.google.com/store/apps/details?id=com.synergy.okin&hl=en&gl=us,{},available,2.2.0,16,2023-07-15,universal,https://apkpure.com/smart-comfort-by-synergy/com.synergy.okin,2.2.0,16,2023-07-15,universal,APKPure,matched,current,,2026-07-14
com.timotion.ahf,AHF Remote,1.0.4,7,arm64-v8a,available,1.0.4,2025-08-12,TiMOTION,https://play.google.com/store/apps/details?id=com.timotion.ahf&hl=en&gl=us,{},available,1.0.4,7,2026-05-10,arm64-v8a; armeabi-v7a,https://apkpure.com/ahf-remote/com.timotion.ahf,1.0.4,7,2026-05-10,arm64-v8a; armeabi-v7a,APKPure,matched,current,,2026-07-14
com.timotion.smartmove,Smart Move+,0.1.8,7,,available,0.1.8,2025-08-08,TiMOTION,https://play.google.com/store/apps/details?id=com.timotion.smartmove&hl=en&gl=us,{},available,0.1.8,7,2025-10-10,universal,https://apkpure.com/smart-move/com.timotion.smartmove,0.1.8,7,2025-10-10,universal,APKPure,matched,current,,2026-07-14
com.vibradorm.vmatbasic,VRA,2.4.3,14,,available,2.4.3,2017-03-14,Vibradorm GmbH,https://play.google.com/store/apps/details?id=com.vibradorm.vmatbasic&hl=en&gl=us,{},available,2.4.3,14,2017-03-27,universal,https://apkpure.com/vibradorm-remote-for-beds/com.vibradorm.vmatbasic,2.4.3,14,2017-03-27,universal,APKPure,matched,current,,2026-07-14
de.octoactuators.octosmartcontrolapp,OCTO Smart Control,1.03.01,10301,,available,1.03.01,2026-05-11,Octo Actuators,https://play.google.com/store/apps/details?id=de.octoactuators.octosmartcontrolapp&hl=en&gl=us,{},available,1.03.01,10301,2026-06-16,universal,https://apkpure.com/octo-smart-control/de.octoactuators.octosmartcontrolapp,1.03.01,10301,2026-06-16,universal,APKPure,matched,current,,2026-07-14
de.vibradorm.diamant,Caresse Remote,0.3,3,,region_restricted,,,Vibradorm GmbH,https://play.google.com/store/apps/details?id=de.vibradorm.diamant&hl=en&gl=us,"{""au"": ""not_in_region"", ""ca"": ""not_in_region"", ""de"": ""available"", ""gb"": ""not_in_region"", ""jp"": ""not_in_region"", ""no"": ""not_in_region"", ""us"": ""not_in_region""}",available,0.3,3,2022-06-25,universal,https://apkpure.com/caresse-remote/de.vibradorm.diamant,0.3,3,2022-06-25,universal,APKPure,apkpure_only,current,,2026-07-14
de.vibradorm.vmat,Vib Control,1.11,49,,available,1.11,2023-09-05,Vibradorm GmbH,https://play.google.com/store/apps/details?id=de.vibradorm.vmat&hl=en&gl=us,{},available,1.11,49,2023-09-07,universal,https://apkpure.com/vibradorm-remote/de.vibradorm.vmat,1.11,49,2023-09-07,universal,APKPure,matched,current,,2026-07-14
de.vibradorm.werkmeister,Werkmeister Unterfederung,0.2,2,,region_restricted,,,Vibradorm GmbH,https://play.google.com/store/apps/details?id=de.vibradorm.werkmeister&hl=en&gl=us,"{""au"": ""not_in_region"", ""ca"": ""not_in_region"", ""de"": ""available"", ""gb"": ""not_in_region"", ""jp"": ""not_in_region"", ""no"": ""not_in_region"", ""us"": ""not_in_region""}",available,0.2,2,2022-07-08,universal,https://apkpure.com/werkmeister-unterfederung/de.vibradorm.werkmeister,0.2,2,2022-07-08,universal,APKPure,apkpure_only,current,,2026-07-14
net.logicdata.mobile.sfapp,SILVERmotion,1.0.0,2,armeabi-v7a,not_found,,,,,"{""au"": ""not_found"", ""ca"": ""not_found"", ""de"": ""not_found"", ""gb"": ""not_found"", ""jp"": ""not_found"", ""no"": ""not_found"", ""us"": ""not_found""}",available,1.0.0,2,2023-04-18,armeabi-v7a,https://apkpure.com/silvermotion/net.logicdata.mobile.sfapp,1.0.0,2,2023-04-18,armeabi-v7a,APKPure,apkpure_only,current,,2026-07-14
